Workbook
Name EURKUR: 'CSM PRICE LIST 26.0.1'!$E$1
Name EURKUR: 'CSM PRICE LIST 26.1.0'!$E$1
Name EURKUR: 'CSM PRICE LIST 26.1.1'!$E$1
Name EURKUR: 'CSM PRICE LIST 25.6.3'!$E$1

Sheet CSM  PRICE LIST 26.1.1
A1: PRICE LIST VER.: | B1: v.26.1.1 | C1: Valid Through: 01.01.26 - 31.06.26 | D1: € kur- €/$ parite | E1: 55 | F1: 1.15
A2: STYLE NAMES | B2: CATEGORY | C2: ÜRÜN ADI | D2: € PRICE | E2: TL PRICE | F2: USD PRICE | G2: PRODUCT NAME
A3: FERNANDO | B3: ACCESSORIES | C3: ANAHTARLIK | D3: 12.9 | E3: =ROUNDDOWN(+D3*EURKUR,-1) -> 700 | F3: =+D3*$F$1 -> 14.835 | G3: KEY RING
A4: NANDO | B4: ACCESSORIES | C4: İSİM KÜNYESİ | D4: 12.9 | E4: =ROUNDDOWN(+D4*EURKUR,-1) -> 700 | F4: =+D4*$F$1 -> 14.835 | G4: NAME TAG
A5: BANDANA | B5: ACCESSORIES | C5: SAÇ BANDI | D5: 12.9 | E5: =ROUNDDOWN(+D5*EURKUR,-1) -> 700 | F5: =+D5*$F$1 -> 14.835 | G5: HAIR BAND
A6: CAPE TOWN | B6: ACCESSORIES | C6: KEP ŞAPKA | D6: 29.9 | E6: =ROUNDDOWN(+D6*EURKUR,-1) -> 1640 | F6: =+D6*$F$1 -> 34.385 | G6: BASEBALL CAP
A7: OTTAWA | B7: ACCESSORIES | C7: BERE ŞAPKA | D7: 29.9 | E7: =ROUNDDOWN(+D7*EURKUR,-1) -> 1640 | F7: =+D7*$F$1 -> 34.385 | G7: BEANIE
A8: CAPRI-3XB | B8: ACCESSORIES | C8: YAZLIK BİNİCİ ÇORABI 3'LÜ PAKET | D8: 34.9 | E8: =ROUNDDOWN(+D8*EURKUR,-1) -> 1910 | F8: =+D8*$F$1 -> 40.135 | G8: SUMMER RIDING SOCKS 3 PACK BUNDLE
A9: LAZIO-3XB | B9: ACCESSORIES | C9: GEO 4 MEVSİM BİNİCİ ÇORABI 3'LÜ PAKET | D9: 34.9 | E9: =ROUNDDOWN(+D9*EURKUR,-1) -> 1910 | F9: =+D9*$F$1 -> 40.135 | G9: GEO ALL-SEASON RIDING SOCKS 3 PACK BUNDLE
A10: LUCCA-3XB | B10: ACCESSORIES | C10: ÇOCUK BİNİCİ ÇORABI 3'LÜ PAKET | D10: 34.9 | E10: =ROUNDDOWN(+D10*EURKUR,-1) -> 1910 | F10: =+D10*$F$1 -> 40.135 | G10: KID'S RIDING SOCKS 3 PACK BUNDLE
A11: CAMBRIDGE | B11: ACCESSORIES | C11: YARIŞMA KRAVATI | D11: 39.9 | E11: =ROUNDDOWN(+D11*EURKUR,-1) -> 2190 | F11: =+D11*$F$1 -> 45.885 | G11: COMPETITION TIE
A12: FONDI-3XB | B12: ACCESSORIES | C12: 4 MEVSİM BİNİCİ ÇORABI 3'LÜ PAKET | D12: 39.9 | E12: =ROUNDDOWN(+D12*EURKUR,-1) -> 2190 | F12: =+D12*$F$1 -> 45.885 | G12: 4 SEASON RIDING SOCKS 3 PACK BUNDLE
A13: OXFORD | B13: ACCESSORIES | C13: ÖRME YARIŞMA KRAVATI | D13: 39.9 | E13: =ROUNDDOWN(+D13*EURKUR,-1) -> 2190 | F13: =+D13*$F$1 -> 45.885 | G13: KNIT COMPETITION TIE
A14: ROMA-3XB | B14: ACCESSORIES | C14: 4 MEVSİM BİNİCİ ÇORABI 3'LÜ PAKET | D14: 39.9 | E14: =ROUNDDOWN(+D14*EURKUR,-1) -> 2190 | F14: =+D14*$F$1 -> 45.885 | G14: 4 SEASON RIDING SOCKS 3 PACK BUNDLE
... A107: GORLA MINORE-TBF | B107: RIDER | C107: KADIN PRO YARIŞMA CEKETİ X TEAM TÜRKİYE | D107: 499.9 | E107: =ROUNDDOWN(+D107*EURKUR,-1) -> 27490 | F107: =+D107*$F$1 -> 574.885 | G107: WOMEN'S PRO COMPETITION JACKET X TEAM TÜRKİYE
A109: EUR ARTMAYIP FİYATLAR PAHALI KALDIĞINDAN DOLAYI KURU 55 TL OLARAK REVİZE ETTİK.
A110: HAZİRAN DAN SONRA GİDİŞATA GÖRE 60 OLARAK REVİZE EDEBİLİRİZ

Sheet CSM  PRICE LIST 26.1.0
A1: PRICE LIST VER.: | B1: v.26.1.0 | C1: Valid Through: 01.01.26 - 31.06.26 | D1: € kur- €/$ parite | E1: 60 | F1: 1.15
A2: STYLE NAMES | B2: CATEGORY | C2: ÜRÜN ADI | D2: € PRICE | E2: TL PRICE | F2: USD PRICE | G2: PRODUCT NAME
A3: FERNANDO | B3: ACCESSORIES | C3: ANAHTARLIK | D3: 12.9 | E3: =ROUNDDOWN(+D3*EURKUR,-1) -> 770 | F3: =+D3*$F$1 -> 14.835 | G3: KEY RING
A4: NANDO | B4: ACCESSORIES | C4: İSİM KÜNYESİ | D4: 12.9 | E4: =ROUNDDOWN(+D4*EURKUR,-1) -> 770 | F4: =+D4*$F$1 -> 14.835 | G4: NAME TAG
A5: BANDANA | B5: ACCESSORIES | C5: SAÇ BANDI | D5: 12.9 | E5: =ROUNDDOWN(+D5*EURKUR,-1) -> 770 | F5: =+D5*$F$1 -> 14.835 | G5: HAIR BAND
A6: CAPE TOWN | B6: ACCESSORIES | C6: KEP ŞAPKA | D6: 29.9 | E6: =ROUNDDOWN(+D6*EURKUR,-1) -> 1790 | F6: =+D6*$F$1 -> 34.385 | G6: BASEBALL CAP
A7: OTTAWA | B7: ACCESSORIES | C7: BERE ŞAPKA | D7: 29.9 | E7: =ROUNDDOWN(+D7*EURKUR,-1) -> 1790 | F7: =+D7*$F$1 -> 34.385 | G7: BEANIE
A8: CAPRI-3XB | B8: ACCESSORIES | C8: YAZLIK BİNİCİ ÇORABI 3'LÜ PAKET | D8: 34.9 | E8: =ROUNDDOWN(+D8*EURKUR,-1) -> 2090 | F8: =+D8*$F$1 -> 40.135 | G8: SUMMER RIDING SOCKS 3 PACK BUNDLE
A9: LAZIO-3XB | B9: ACCESSORIES | C9: GEO 4 MEVSİM BİNİCİ ÇORABI 3'LÜ PAKET | D9: 34.9 | E9: =ROUNDDOWN(+D9*EURKUR,-1) -> 2090 | F9: =+D9*$F$1 -> 40.135 | G9: GEO ALL-SEASON RIDING SOCKS 3 PACK BUNDLE
A10: LUCCA-3XB | B10: ACCESSORIES | C10: ÇOCUK BİNİCİ ÇORABI 3'LÜ PAKET | D10: 34.9 | E10: =ROUNDDOWN(+D10*EURKUR,-1) -> 2090 | F10: =+D10*$F$1 -> 40.135 | G10: KID'S RIDING SOCKS 3 PACK BUNDLE
A11: CAMBRIDGE | B11: ACCESSORIES | C11: YARIŞMA KRAVATI | D11: 39.9 | E11: =ROUNDDOWN(+D11*EURKUR,-1) -> 2390 | F11: =+D11*$F$1 -> 45.885 | G11: COMPETITION TIE
A12: FONDI-3XB | B12: ACCESSORIES | C12: 4 MEVSİM BİNİCİ ÇORABI 3'LÜ PAKET | D12: 39.9 | E12: =ROUNDDOWN(+D12*EURKUR,-1) -> 2390 | F12: =+D12*$F$1 -> 45.885 | G12: 4 SEASON RIDING SOCKS 3 PACK BUNDLE
A13: OXFORD | B13: ACCESSORIES | C13: ÖRME YARIŞMA KRAVATI | D13: 39.9 | E13: =ROUNDDOWN(+D13*EURKUR,-1) -> 2390 | F13: =+D13*$F$1 -> 45.885 | G13: KNIT COMPETITION TIE
A14: ROMA-3XB | B14: ACCESSORIES | C14: 4 MEVSİM BİNİCİ ÇORABI 3'LÜ PAKET | D14: 39.9 | E14: =ROUNDDOWN(+D14*EURKUR,-1) -> 2390 | F14: =+D14*$F$1 -> 45.885 | G14: 4 SEASON RIDING SOCKS 3 PACK BUNDLE
... A107: GORLA MINORE-TBF | B107: RIDER | C107: KADIN PRO YARIŞMA CEKETİ X TEAM TÜRKİYE | D107: 499.9 | E107: =ROUNDDOWN(+D107*EURKUR,-1) -> 29990 | F107: =+D107*$F$1 -> 574.885 | G107: WOMEN'S PRO COMPETITION JACKET X TEAM TÜRKİYE
A110: TECH EYERALTLARI | B110: isim ver | C110: 89
A111: NATURAL EYER ALTLARI | C111: 79
A113: TECH EYERALTI + KULAKLIK COMBO
A114: ÜRÜN AÇIKLAMALARINA SECOND SKIN, BASE LAYER, STRASS VS EKLE
A116: eski dokuma kravatları tbf ye ver, çin de yeni kravat yaptır
A117: ottawa isim değiştşir
A118: monterrey ve menderiso isim değiştir
A119: tech series genel isim ver
A120: MENDERISO ismini MILANO ile değiştirdim

Sheet CSM  PRICE LIST 26.0.1
A1: PRICE LIST VER.: | B1: v.26.0.1 | C1: Valid Through: 01.01.26 - 31.06.26 | D1: € kur- €/$ parite | E1: 60 | F1: 1.15
A2: STYLE NAMES | B2: CATEGORY | C2: ÜRÜN ADI | D2: € PRICE | E2: TL PRICE | F2: USD PRICE | G2: PRODUCT NAME | H2: PUBLISH | I2: CSM OLD PRICE
A3: FERNANDO | B3: ACCESSORIES | C3: ANAHTARLIK | D3: 14.9 | E3: =ROUNDDOWN(+D3*EURKUR,-1) -> 890 | F3: =+D3*$F$1 -> 17.135 | G3: KEY RING | H3: 1 | I3: =+VLOOKUP(A3,'CSM PRICE LIST 25.6.3'!$A:$D,4,FALSE) -> 9.9
A4: NANDO | B4: ACCESSORIES | C4: İSİM KÜNYESİ | D4: 14.9 | E4: =ROUNDDOWN(+D4*EURKUR,-1) -> 890 | F4: =+D4*$F$1 -> 17.135 | G4: NAME TAG | H4: 1 | I4: =+VLOOKUP(A4,'CSM PRICE LIST 25.6.3'!$A:$D,4,FALSE) -> 9.9
A5: CAPE TOWN | B5: ACCESSORIES | C5: KEP ŞAPKA | D5: 29.9 | E5: =ROUNDDOWN(+D5*EURKUR,-1) -> 1790 | F5: =+D5*$F$1 -> 34.385 | G5: BASEBALL CAP | H5: 1 | I5: =+VLOOKUP(A5,'CSM PRICE LIST 25.6.3'!$A:$D,4,FALSE) -> 29.9
A6: OTTAWA | B6: ACCESSORIES | C6: BERE ŞAPKA | D6: 29.9 | E6: =ROUNDDOWN(+D6*EURKUR,-1) -> 1790 | F6: =+D6*$F$1 -> 34.385 | G6: BEANIE | H6: 1 | I6: =+VLOOKUP(A6,'CSM PRICE LIST 25.6.3'!$A:$D,4,FALSE) -> 29.9
A7: CAPRI-3XB | B7: ACCESSORIES | C7: YAZLIK BİNİCİ ÇORABI 3'LÜ PAKET | D7: 34.9 | E7: =ROUNDDOWN(+D7*EURKUR,-1) -> 2090 | F7: =+D7*$F$1 -> 40.135 | G7: SUMMER RIDING SOCKS 3 PACK BUNDLE | H7: 1 | I7: =+VLOOKUP(A7,'CSM PRICE LIST 25.6.3'!$A:$D,4,FALSE) -> 24.9
A8: LUCCA-3XB | B8: ACCESSORIES | C8: ÇOCUK BİNİCİ ÇORABI 3'LÜ PAKET | D8: 34.9 | E8: =ROUNDDOWN(+D8*EURKUR,-1) -> 2090 | F8: =+D8*$F$1 -> 40.135 | G8: KID'S RIDING SOCKS 3 PACK BUNDLE | H8: 1 | I8: =+VLOOKUP(A8,'CSM PRICE LIST 25.6.3'!$A:$D,4,FALSE) -> 24.9
A9: LAZIO-3XB | B9: ACCESSORIES | C9: GEO 4 MEVSİM BİNİCİ ÇORABI 3'LÜ PAKET | D9: 34.9 | E9: =ROUNDDOWN(+D9*EURKUR,-1) -> 2090 | F9: =+D9*$F$1 -> 40.135 | G9: GEO ALL-SEASON RIDING SOCKS 3 PACK BUNDLE | H9: 1 | I9: =+VLOOKUP(A9,'CSM PRICE LIST 25.6.3'!$A:$D,4,FALSE) -> 29.9
A10: TORINO-2XB | B10: ACCESSORIES | C10: KIŞLIK BİNİCİ ÇORABI 2'Lİ PAKET | D10: 39.9 | E10: =ROUNDDOWN(+D10*EURKUR,-1) -> 2390 | F10: =+D10*$F$1 -> 45.885 | G10: WINTER RIDING SOCKS 2 PACK BUNDLE | H10: 1 | I10: =+VLOOKUP(A10,'CSM PRICE LIST 25.6.3'!$A:$D,4,FALSE) -> 29.9
A11: ROMA-3XB | B11: ACCESSORIES | C11: 4 MEVSİM BİNİCİ ÇORABI 3'LÜ PAKET | D11: 39.9 | E11: =ROUNDDOWN(+D11*EURKUR,-1) -> 2390 | F11: =+D11*$F$1 -> 45.885 | G11: 4 SEASON RIDING SOCKS 3 PACK BUNDLE | H11: 1 | I11: =+VLOOKUP(A11,'CSM PRICE LIST 25.6.3'!$A:$D,4,FALSE) -> 29.9
A12: CAMBRIDGE | B12: ACCESSORIES | C12: YARIŞMA KRAVATI | D12: 39.9 | E12: =ROUNDDOWN(+D12*EURKUR,-1) -> 2390 | F12: =+D12*$F$1 -> 45.885 | G12: COMPETITION TIE | H12: 1 | I12: =+VLOOKUP(A12,'CSM PRICE LIST 25.6.3'!$A:$D,4,FALSE) -> 29.9
A13: OXFORD | B13: ACCESSORIES | C13: ÖRME YARIŞMA KRAVATI | D13: 39.9 | E13: =ROUNDDOWN(+D13*EURKUR,-1) -> 2390 | F13: =+D13*$F$1 -> 45.885 | G13: KNIT COMPETITION TIE | H13: 1 | I13: =+VLOOKUP(A13,'CSM PRICE LIST 25.6.3'!$A:$D,4,FALSE) -> 39.9
A14: PANDORA | B14: HORSE | C14: ÖRME KULAKLIK | D14: 39.9 | E14: =ROUNDDOWN(+D14*EURKUR,-1) -> 2390 | F14: =+D14*$F$1 -> 45.885 | G14: KNIT EAR BONNET | H14: 1 | I14: =+VLOOKUP(A14,'CSM PRICE LIST 25.6.3'!$A:$D,4,FALSE) -> 29.9
... A97: GORLA MINORE-TBF | B97: RIDER | C97: KADIN PRO YARIŞMA CEKETİ X TEAM TÜRKİYE | D97: 499.9 | E97: =ROUNDDOWN(+D97*EURKUR,-1) -> 29990 | F97: =+D97*$F$1 -> 574.885 | G97: WOMEN'S PRO COMPETITION JACKET X TEAM TÜRKİYE | H97: 1 | I97: =+VLOOKUP(A97,'CSM PRICE LIST 25.6.3'!$A:$D,4,FALSE) -> 399.9
A100: TECH EYERALTLARI | B100: isim ver | C100: 89
A101: NATURAL EYER ALTLARI | C101: 79
A102: TBF ÜRÜNLER DAHA PAHALI
A103: TECH EYERALTI + KULAKLIK COMBO
A104: ÜRÜN AÇIKLAMALARINA SECOND SKIN, BASE LAYER, STRASS VS EKLE
A105: TORINO AÇIKLAMA CHECK
A106: eski dokuma kravatları tbf ye ver, çin de yeni kravat yaptır
A107: ottawa isim değiştşir
A108: monterrey ve menderiso isim değiştir
A109: tech series genel isim ver

Sheet CSM  PRICE LIST 25.6.3
A1: PRICE LIST VER.: | B1: v.25.6.3 | C1: Valid Through: 01.07.25 - 31.12.25 | D1: € kur- €/$ parite | E1: 50 | F1: 1.15
A2: STYLE NAMES | B2: CATEGORY | C2: ÜRÜN ADI | D2: € PRICE | E2: TL PRICE | F2: USD PRICE
A3: FERNANDO | B3: ACCESSORIES | C3: ANAHTARLIK | D3: 9.9 | E3: =+D3*EURKUR -> 495 | F3: =+D3*$F$1 -> 11.385
A4: NANDO | B4: ACCESSORIES | C4: İSİM KÜNYESİ | D4: 9.9 | E4: =+D4*EURKUR -> 495 | F4: =+D4*$F$1 -> 11.385
A5: LUCCA | B5: ACCESSORIES | C5: ÇOCUK BİNİCİ ÇORABI | D5: 12.9 | E5: =+D5*EURKUR -> 645 | F5: =+D5*$F$1 -> 14.835
A6: LAZIO | B6: ACCESSORIES | C6: GEO 4 MEVSİM BİNİCİ ÇORABI | D6: 14.9 | E6: =+D6*EURKUR -> 745 | F6: =+D6*$F$1 -> 17.135
A7: ROMA | B7: ACCESSORIES | C7: 4 MEVSİM BİNİCİ ÇORABI | D7: 14.9 | E7: =+D7*EURKUR -> 745 | F7: =+D7*$F$1 -> 17.135
A8: TORINO | B8: ACCESSORIES | C8: KIŞLIK BİNİCİ ÇORABI | D8: 17.9 | E8: =+D8*EURKUR -> 895 | F8: =+D8*$F$1 -> 20.585
A9: CAPRI-3XB | B9: ACCESSORIES | C9: YAZLIK BİNİCİ ÇORABI 3'LÜ PAKET | D9: 24.9 | E9: =+D9*EURKUR -> 1245 | F9: =+D9*$F$1 -> 28.635
A10: LUCCA-3XB | B10: ACCESSORIES | C10: ÇOCUK BİNİCİ ÇORABI 3'LÜ PAKET | D10: 24.9 | E10: =+D10*EURKUR -> 1245 | F10: =+D10*$F$1 -> 28.635
A11: CAMBRIDGE | B11: ACCESSORIES | C11: YARIŞMA KRAVATI | D11: 29.9 | E11: =+D11*EURKUR -> 1495 | F11: =+D11*$F$1 -> 34.385
A12: CAPE TOWN | B12: ACCESSORIES | C12: KEP ŞAPKA | D12: 29.9 | E12: =+D12*EURKUR -> 1495 | F12: =+D12*$F$1 -> 34.385
A13: LAZIO-3XB | B13: ACCESSORIES | C13: GEO 4 MEVSİM BİNİCİ ÇORABI 3'LÜ PAKET | D13: 29.9 | E13: =+D13*EURKUR -> 1495 | F13: =+D13*$F$1 -> 34.385
A14: OTTAWA | B14: ACCESSORIES | C14: BERE ŞAPKA | D14: 29.9 | E14: =+D14*EURKUR -> 1495 | F14: =+D14*$F$1 -> 34.385
... A101: PISA | B101: RIDER | C101: KADIN PRO YARIŞMA CEKETİ | D101: 399.9 | E101: =+D101*EURKUR -> 19995 | F101: =+D101*$F$1 -> 459.885

Sheet CSM  PRICE LIST 25.6.2
A1: PRICE LIST VER.: | B1: v.25.6.2 | C1: Geçerlilik Tarihi: 01.Tem.25 - 31.Ara.25 | D1: € kur- €/$ parite | E1: 50 | F1: 1.15
A2: STYLE NAMES | B2: CATEGORY | C2: ÜRÜN ADI | D2: € PRICE | E2: TL PRICE | F2: USD PRICE
A3: FERNANDO | B3: ACCESSORIES | C3: KEY RING | D3: 9.9 | E3: 495 | F3: 11.4
A4: NANDO | B4: ACCESSORIES | C4: NAME TAG | D4: 9.9 | E4: 495 | F4: 11.4
A5: LUCCA | B5: ACCESSORIES | C5: KID'S RIDING SOCKS | D5: 12.9 | E5: 645 | F5: 14.9
A6: LAZIO | B6: ACCESSORIES | C6: GEO ALL-SEASON RIDING SOCKS | D6: 14.9 | E6: 745 | F6: 17.2
A7: ROMA | B7: ACCESSORIES | C7: 4 SEASON RIDING SOCKS | D7: 14.9 | E7: 745 | F7: 17.2
A8: TORINO | B8: ACCESSORIES | C8: WINTER RIDING SOCKS | D8: 17.9 | E8: 895 | F8: 20.6
A9: CAPRI-3XB | B9: ACCESSORIES | C9: SUMMER RIDING SOCKS 3 PACK BUNDLE | D9: 24.9 | E9: 1245 | F9: 28.7
A10: LUCCA-3XB | B10: ACCESSORIES | C10: KID'S RIDING SOCKS 3 PACK BUNDLE | D10: 24.9 | E10: 1245 | F10: 28.7
A11: CAMBRIDGE | B11: ACCESSORIES | C11: COMPETITION TIE | D11: 29.9 | E11: 1495 | F11: 34.4
A12: CAPE TOWN | B12: ACCESSORIES | C12: BASEBALL CAP | D12: 29.9 | E12: 1495 | F12: 34.4
A13: LAZIO-3XB | B13: ACCESSORIES | C13: GEO ALL-SEASON RIDING SOCKS 3 PACK BUNDLE | D13: 29.9 | E13: 1495 | F13: 34.4
A14: OTTAWA | B14: ACCESSORIES | C14: BEANIE | D14: 29.9 | E14: 1495 | F14: 34.4
... A94: GORLA MINORE | B94: RIDER | C94: WOMEN'S PRO COMPETITION JACKET | D94: 399.9 | E94: 19995 | F94: 459.9
