Workbook
Name ATTRIBUTES: 'MASTER CODE DATA'!$S$2:$S$43
Name COLORLIST: 'MASTER CODE DATA'!$Q$2:$Q$999
Name DOLARKUR: #REF!
Name EURKUR: 'CSM ACTIVE PRICE LIST'!$E$1
Name MAINCATEGORY: 'MASTER CODE DATA'!$A$2:$A$99
Name MAINFABRIC: 'MASTER CODE DATA'!$O$2:$O$99
Name parite: 'CSM ACTIVE PRICE LIST'!$F$1
Name PRODUCTCATEGORY: 'MASTER CODE DATA'!$I$2:$I$99
Name PRODUCTGROUP: 'MASTER CODE DATA'!$E$2:$E$99
Name SEASON: 'MASTER CODE DATA'!$N$2:$N$99
Name SIZETYPES: 'MASTER CODE DATA'!$K$2:$K$99
Name STYLENAMES: 'STYLE NAMES'!$B$2:$B$520
Name TYPEGENDER: 'MASTER CODE DATA'!$G$2:$G$99
Name WEBCATEGORY: 'MASTER CODE DATA'!$C$2:$C$99
Name YEAR: 'MASTER CODE DATA'!$M$2:$M$99

Sheet NOTES & HOW TO USE
A1: 21.06.25 UPDATE
A2: NOTES & HOW TO USE THE FILE
A4: YENİ BİR MODEL GELİŞTİRİLECEĞİ ZAMAN (RENK YA DA VARYANT DEĞİL, YENİ BİR MODEL!) ÖNCE STYLE NAMES PAGE DEN BİR İSİM SEÇİLEREK KISA ÜRÜN TANIMI YAPILMALIDIR.
A6: SONRA CODE GENERATOR SAYFASINA YAPILACAK RENK VARYANTLARI İLE BERABER, YENİ, SIRADAKİ ARDIŞIK BİR ARTİKEL NUMARASI VERİLEREK, MANUEL OLARAK SATIR SATIR EKLENEREK KOD TANIMLAMALARI SEÇİLEREK YAPILMALIDIR
A8: DAHA ÖNCE YAPILMIŞ BİR MODELE RENK EKLENECEĞİ ZAMAN DA, CODE GENERATOR SAYFASINA MANUEL OLARAK EKLENMELİDİR. ART# NO SU DAHA ÖNCEKİ MODELE BAKILARAK VERİLMELİDİR
A10: HER YENİ KUMAŞ FABRIC TYPES SAYFASINA EKLENEREK KOD VERİLMELİ VE TAKİP EDİLMELİDİR
A14: ÖNEMLİ NOT:
A16: WEB SİTESİ FİYATLAMASI İÇİN STYLE CODES SAYFASINDA GÜNCEL FİYAT LİSTESİ EXCEL İNE LİNK VARDIR
A17: BU LİNK EURO VE TL GÜNCEL FİYATLARI ÇEKER
A18: İKİ DOSYANIN AYNI KLASÖR İÇERİSİNDE BULUNMADIĞI DURUMLARDA GÜNCEL FİYATLARI ÇEKEMEYEBİLİR
A19: BUNA DİKKAT EDEREK LİNK İN DOĞRU ÇALIŞTIĞINDAN EMİN OLMAK GEREKİR
A21: MASTER CODE DATA & TEMPLATE PAGE
... A134: HATALI GALİBA, ÇİFT VAR BU ÜRÜNLERDEN
A135: 8683711010487 | C135: CAPPA-F | D135: TECH EAR BONNET | E135: CAPPA-F / TJR0031BLKBLK
A136: 8683711010494 | C136: CAPPA-F | D136: TECH EAR BONNET | E136: CAPPA-F / TJR0031NAVNAV
A137: 8683711010500 | C137: CAPPA-P | D137: TECH EAR BONNET | E137: CAPPA-P / TJR0031BLKBLK
A138: 8683711010517 | C138: CAPPA-P | D138: TECH EAR BONNET | E138: CAPPA-P / TJR0031NAVNAV
A144: CODE GENSARI BOYALI FOTO NUMARALARINI KONTROL ET
A145: ESKİ FOTOLARIN SIZE LARINI KONTROL ET
A154: YENİ ÜRÜN AÇMA:
A155: ÖNCE STYLE NAMES SAYFASINDAN ÜRÜNE BİR İSİM VER VE YANDAKİ FORMÜL OLMAYAN KOLONLARA ÜRÜNÜN BİLGİLERİNİ GİR. FORMÜLLÜ KOLONLARI YUKARIDAKİ FORMÜLLERDEN KOPYALA
A156: CODE GENERATOR SAYFASINDA ÜRÜNÜN RENKLERİNİ AÇ, FOTOLARINI YAZ
A157: SKU LIST-LINKED SAYFASINA DA ÜRÜNÜN BEDENLERİNE GÖRE TEK TEK SATIR AÇ
A159: YAYINLAMAK İÇİN SKU LIST-LINKED SAYFASINI CSM SKU LIST EXCELİNDEKİ SKU LIST SAYFASINA DEĞER YAPIŞTIR DİYEREK KOPYALA
A160: DRIVE A CSM SKU LIST SAYFASINI KOYDUĞIUNDA REKLAM5 BURADAN OTOMATİK OKUYOR
A163: EŞ ZAMANLI OLARAK:
A164: ACTIVE PRICE LIST SAYFASINA ÜRÜNÜN FİYATINI GİR Kİ BURDAN FİYATI ÇEKSİN
A165: AMA BUNU ÖNCE MASTER PRICE LİST EXCELİNDE DÜZENLEYİP, ORADAKİ SAYFAYI FORMÜLLERİ BOZMADAN BU EXCELDEKİ ACTIVE PRICE LİST E KOPYALAMAN GEREK
A166: MODES AND SIZE INFO DA MODEL BİLGİLERİNİ GİRERSEN MODEL ADINA GÖRE FORMÜLLER ÇEKER
... A171: SKU LIST TEN BİR ÖRNEK
A172: BARCODE GS1/EAN | B172: ART. # | C172: STYLE NAME | D172: PRODUCT NAME | E172: PRODUCT CODE | F172: SIZE
A173: 8683711006855 | B173: 0066 | C173: LEONARDO | D173: MEN'S KNEE GRIP PRO BREECHES | E173: LEONARDO / TJR0026WHTWHT | F173: S / 44
A174: 8683711006862 | B174: 0066 | C174: LEONARDO | D174: MEN'S KNEE GRIP PRO BREECHES | E174: LEONARDO / TJR0026WHTWHT | F174: M / 46
A175: 8683711006879 | B175: 0066 | C175: LEONARDO | D175: MEN'S KNEE GRIP PRO BREECHES | E175: LEONARDO / TJR0026WHTWHT | F175: L / 48
A176: 8683711006886 | B176: 0066 | C176: LEONARDO | D176: MEN'S KNEE GRIP PRO BREECHES | E176: LEONARDO / TJR0026WHTWHT | F176: XL / 50
A177: 8683711006893 | B177: 0066 | C177: LEONARDO | D177: MEN'S KNEE GRIP PRO BREECHES | E177: LEONARDO / TJR0026WHTWHT | F177: XXL / 52
A179: NEDİM HER SIZE KIRLIMI İÇİN AYRI VERECEK | B179: BU SÜTUNLAR CODE GENERATOR DAN MANUEL KOPYALANACAK | F179: HER BEDEN İÇİN AYRI SATIR AÇILACAK

Sheet STYLE NAMES
A1: NAME CATEGORY | B1: STYLE NAMES | C1: PRODUCT NAME | D1: STYLE CATEGORY CODE | E1: MAIN CATEGORY | F1: WEB CATEGORY | G1: PRODUCT GROUP | H1: TYPE/GENDER | I1: PRODUCT CATEGORY | J1: ATTRIBUTES (OLD PROD. CAT) | K1: PRODUCT TITLE | L1: PRODUCT DESCRIPTION | M1: PRODUCT FEATURES | N1: CARE INSTRUCTIONS | O1: ÜRÜN ADI | P1: ÜRÜN AÇIKLAMASI | Q1: ÜRÜN ÖZELLİKLERİ | R1: YIKAMA TALİMATLARI | S1: NOME DEL PRODOTTO | T1: DESCRIZIONE DEL PRODOTTO | U1: CARATTERISTICHE DEL PRODOTTO | V1: ISTRUZIONI PER LA CURA | W1: PRODUKTNAME | X1: PRODUKTBESCHREIBUNG | Y1: PRODUKTMERKMALE | Z1: PFLEGEHINWEISE | AA1: € PRICE | AB1: TL PRICE | AC1: USD PRICE | AD1: SIZE TYPES | AE1: ATTRIBUTES (OLD PRODUCT CAT. KEY) | AF1: SIZE CHART REFERENCE | AG1: MAIN CATEGORY | AH1: WEB CATEGORY | AI1: PRODUCT GROUP | AJ1: TYPE/GENDER | AK1: PRODUCT CATEGORY
A2: 5-COMPETITION NAMES | B2: ABU DHABI | D2: =IF(C2>0,+AG2&"."&AI2&AJ2&"_"&AK2,"") | J2: 0 | K2: =IF(C2>0,C2,"") | AA2: =+IF($C2>0,VLOOKUP($B2,'CSM ACTIVE PRICE LIST'!$A$2:$F$1022,4,FALSE),"") | AB2: =+IF($C2>0,VLOOKUP($B2,'CSM ACTIVE PRICE LIST'!$A$2:$F$1022,5,FALSE),"") | AC2: =+IF($C2>0,VLOOKUP($B2,'CSM ACTIVE PRICE LIST'!$A$2:$F$1022,6,FALSE),"") | AE2: =+H2&J2 -> 0 | AG2: =IF($C2>0,+VLOOKUP(E2,'MASTER CODE DATA'!A$1:B$99,2,FALSE),"") | AH2: =IF(C2>0,+VLOOKUP(F2,'MASTER CODE DATA'!C$1:D$99,2,FALSE),"") | AI2: =IF(C2>0,+VLOOKUP(G2,'MASTER CODE DATA'!E$1:F$99,2,FALSE),"") | AJ2: =IF(C2>0,+VLOOKUP(H2,'MASTER CODE DATA'!G$1:H$99,2,FALSE),"") | AK2: =IF(C2>0,+VLOOKUP(I2,'MASTER CODE DATA'!I$1:J$99,2,FALSE),"")
A3: 7-KADIN İÇİN UYGUN İSİMLER | B3: ALABAMA | D3: =IF(C3>0,+AG3&"."&AI3&AJ3&"_"&AK3,"") | J3: 0 | K3: =IF(C3>0,C3,"") | AA3: =+IF($C3>0,VLOOKUP($B3,'CSM ACTIVE PRICE LIST'!$A$2:$F$1022,4,FALSE),"") | AB3: =+IF($C3>0,VLOOKUP($B3,'CSM ACTIVE PRICE LIST'!$A$2:$F$1022,5,FALSE),"") | AC3: =+IF($C3>0,VLOOKUP($B3,'CSM ACTIVE PRICE LIST'!$A$2:$F$1022,6,FALSE),"") | AE3: =+H3&J3 -> 0 | AG3: =IF($C3>0,+VLOOKUP(E3,'MASTER CODE DATA'!A$1:B$99,2,FALSE),"") | AH3: =IF(C3>0,+VLOOKUP(F3,'MASTER CODE DATA'!C$1:D$99,2,FALSE),"") | AI3: =IF(C3>0,+VLOOKUP(G3,'MASTER CODE DATA'!E$1:F$99,2,FALSE),"") | AJ3: =IF(C3>0,+VLOOKUP(H3,'MASTER CODE DATA'!G$1:H$99,2,FALSE),"") | AK3: =IF(C3>0,+VLOOKUP(I3,'MASTER CODE DATA'!I$1:J$99,2,FALSE),"")
A4: 2-WINTER NAMES | B4: ALASKA | C4: WINTER STABLE RUG | D4: =IF(C4>0,+AG4&"."&AI4&AJ4&"_"&AK4,"") -> H.RUGFL_STR | E4: HORSE | F4: HORSE | G4: RUGS | H4: FULL | I4: STABLE RUGS | J4: STABLE RUGS | K4: =IF(C4>0,C4,"") -> WINTER STABLE RUG | L4: Winter Stable Rug - 300 GR. Thanks to its quality and high-tech components, our winter rugs will keep your horse extra warm in the stable. Not to mention the elegant look! | M4: *Water-repellent heavy duty shell fabric *Soft, natural and skin-friendly lining fabric *300 gr Thermo Fiber Filling *Custom pattern to match your horses anatomy *Adjustable shoulder straps for better fitting and fleece collar *Non-breakable metal claps Composition: Shell fabric: 100% Polyester Lining: 100% Cotton Filling: 100% Polyester Non-woven | N4: Industrial washing is recommended | O4: KIŞLIK AHIR BLANKETİ | P4: Kışlık Ahır Blanketi - 300 GR Kaliteli ve yüksek teknik özellikli materyalleri ile Ahır Blanketlerimiz atınızı box içinde extra sıcak ve şık tutacak | Q4: *Su itici özellikli dayananıklı dış kumaş *Yumuşak, doğal ve cilt dostu astar kumaş *300 gr Termo Elyaf Dolgulu * Atınızın anatomisine uyacak özel kalıp * Atınızın üstüne daha iyi oturması için ayarlanabilir omuz kemerleri ve polar yaka *Kırılmaz metal tokalar Kompozisyon: Dış yüzey kumaşı: %100 Polyester Astar: %100 Pamuk Dolgu: %100 Polyester termo elyaf | R4: Endüstriyel yıkama tavsiye edilir | S4: COPERTA DA BOX INVERNALE | T4: Coperta invernale da box - 300 GR Grazie alla sua qualità e ai suoi componenti high-tech, le nostre coperte invernali manterranno il tuo cavallo extra caldo nella stalla con un elegante aspetto! | U4: *Tessuto esterno idroripellente e di alta qualità *Fodera interna morbida, naturale e delicata sulla pelle *300 gr di imbottitura in fibra termo-isolante *Design personalizzato per adattarsi all'anatomia del cavallo *Spalline regolabili per una migliore vestibilità e colletto in pile *Ganci in metallo infrangibile Composizione: Tessuto esterno: 100% Poliestere Fodera: 100% Cotone Imbottitura: 100% Poliestere | V4: Si consiglia il lavaggio industriale | AA4: =+IF($C4>0,VLOOKUP($B4,'CSM ACTIVE PRICE LIST'!$A$2:$F$1022,4,FALSE),"") -> 249.9 | AB4: =+IF($C4>0,VLOOKUP($B4,'CSM ACTIVE PRICE LIST'!$A$2:$F$1022,5,FALSE),"") -> 13740 | AC4: =+IF($C4>0,VLOOKUP($B4,'CSM ACTIVE PRICE LIST'!$A$2:$F$1022,6,FALSE),"") -> 287.385 | AD4: =+VLOOKUP(B4,'SKU LIST - LINKED'!C:W,21,FALSE) -> S;M;L;XL | AE4: =+H4&"-"&J4 -> FULL-STABLE RUGS | AF4: =+VLOOKUP(B4,'[1]STYLES & SIZE CHARTS'!$A:$H,8,FALSE) -> HP-RUGS1 | AG4: =IF($C4>0,+VLOOKUP(E4,'MASTER CODE DATA'!A$1:B$99,2,FALSE),"") -> H | AH4: =IF(C4>0,+VLOOKUP(F4,'MASTER CODE DATA'!C$1:D$99,2,FALSE),"") -> HRS | AI4: =IF(C4>0,+VLOOKUP(G4,'MASTER CODE DATA'!E$1:F$99,2,FALSE),"") -> RUG | AJ4: =IF(C4>0,+VLOOKUP(H4,'MASTER CODE DATA'!G$1:H$99,2,FALSE),"") -> FL | AK4: =IF(C4>0,+VLOOKUP(I4,'MASTER CODE DATA'!I$1:J$99,2,FALSE),"") -> STR
A5: 2-WINTER NAMES | B5: ALASKA-P | C5: WINTER STABLE RUG | D5: =IF(C5>0,+AG5&"."&AI5&AJ5&"_"&AK5,"") -> H.RUGPN_STR | E5: HORSE | F5: PONY | G5: RUGS | H5: PONY | I5: STABLE RUGS | J5: STABLE RUGS | K5: =IF(C5>0,H5&" - "&C5,"") -> PONY - WINTER STABLE RUG | L5: Pony Winter Stable Rug - 300 GR. Thanks to its quality and high-tech components, our winter rugs will keep your horse extra warm in the stable. Not to mention the elegant look! | M5: *Water-repellent heavy duty shell fabric *Soft, natural and skin-friendly lining fabric *300 gr Thermo Fiber Filling *Custom pattern to match your horses anatomy *Adjustable shoulder straps for better fitting and fleece collar *Non-breakable metal claps Composition: Shell fabric: 100% Polyester Lining: 100% Cotton Filling: 100% Polyester Non-woven | N5: Industrial washing is recommended | O5: PONY KIŞLIK AHIR BLANKETİ | P5: Pony Kışlık Ahır Blanketi - 300 GR Kaliteli ve yüksek teknik özellikli materyalleri ile Ahır Blanketlerimiz atınızı box içinde extra sıcak ve şık tutacak | Q5: *Su itici özellikli dayananıklı dış kumaş *Yumuşak, doğal ve cilt dostu astar kumaş *300 gr Termo Elyaf Dolgulu * Atınızın anatomisine uyacak özel kalıp * Atınızın üstüne daha iyi oturması için ayarlanabilir omuz kemerleri ve polar yaka *Kırılmaz metal tokalar Kompozisyon: Dış yüzey kumaşı: %100 Polyester Astar: %100 Pamuk Dolgu: %100 Polyester termo elyaf | R5: Endüstriyel yıkama tavsiye edilir | S5: COPERTA DA BOX INVERNALE X PONY | T5: Coperta invernale da box per Pony - 300 GR Grazie alla sua qualità e ai suoi componenti high-tech, le nostre coperte invernali manterranno il tuo cavallo extra caldo nella stalla con un elegante aspetto! | U5: *Tessuto esterno idroripellente e di alta qualità *Fodera interna morbida, naturale e delicata sulla pelle *300 gr di imbottitura in fibra termo-isolante *Design personalizzato per adattarsi all'anatomia del cavallo *Spalline regolabili per una migliore vestibilità e colletto in pile *Ganci in metallo infrangibile Composizione: Tessuto esterno: 100% Poliestere Fodera: 100% Cotone Imbottitura: 100% Poliestere | V5: Si consiglia il lavaggio industriale | AA5: =+IF($C5>0,VLOOKUP($B5,'CSM ACTIVE PRICE LIST'!$A$2:$F$1022,4,FALSE),"") -> 249.9 | AB5: =+IF($C5>0,VLOOKUP($B5,'CSM ACTIVE PRICE LIST'!$A$2:$F$1022,5,FALSE),"") -> 13740 | AC5: =+IF($C5>0,VLOOKUP($B5,'CSM ACTIVE PRICE LIST'!$A$2:$F$1022,6,FALSE),"") -> 287.385 | AD5: =+VLOOKUP(B5,'SKU LIST - LINKED'!C:W,21,FALSE) -> XXS;XS | AE5: =+H5&"-"&J5 -> PONY-STABLE RUGS | AF5: =+VLOOKUP(B5,'[1]STYLES & SIZE CHARTS'!$A:$H,8,FALSE) -> HP-RUGS1 | AG5: =IF($C5>0,+VLOOKUP(E5,'MASTER CODE DATA'!A$1:B$99,2,FALSE),"") -> H | AH5: =IF(C5>0,+VLOOKUP(F5,'MASTER CODE DATA'!C$1:D$99,2,FALSE),"") -> PNY | AI5: =IF(C5>0,+VLOOKUP(G5,'MASTER CODE DATA'!E$1:F$99,2,FALSE),"") -> RUG | AJ5: =IF(C5>0,+VLOOKUP(H5,'MASTER CODE DATA'!G$1:H$99,2,FALSE),"") -> PN | AK5: =IF(C5>0,+VLOOKUP(I5,'MASTER CODE DATA'!I$1:J$99,2,FALSE),"") -> STR
A6: 4-GENERAL USE NAMES | B6: ALBANIA | D6: =IF(C6>0,+AG6&"."&AI6&AJ6&"_"&AK6,"") | J6: 0 | K6: =IF(C6>0,C6,"") | AA6: =+IF($C6>0,VLOOKUP($B6,'CSM ACTIVE PRICE LIST'!$A$2:$F$1022,4,FALSE),"") | AB6: =+IF($C6>0,VLOOKUP($B6,'CSM ACTIVE PRICE LIST'!$A$2:$F$1022,5,FALSE),"") | AC6: =+IF($C6>0,VLOOKUP($B6,'CSM ACTIVE PRICE LIST'!$A$2:$F$1022,6,FALSE),"") | AE6: =+H6&J6 -> 0 | AG6: =IF($C6>0,+VLOOKUP(E6,'MASTER CODE DATA'!A$1:B$99,2,FALSE),"") | AH6: =IF(C6>0,+VLOOKUP(F6,'MASTER CODE DATA'!C$1:D$99,2,FALSE),"") | AI6: =IF(C6>0,+VLOOKUP(G6,'MASTER CODE DATA'!E$1:F$99,2,FALSE),"") | AJ6: =IF(C6>0,+VLOOKUP(H6,'MASTER CODE DATA'!G$1:H$99,2,FALSE),"") | AK6: =IF(C6>0,+VLOOKUP(I6,'MASTER CODE DATA'!I$1:J$99,2,FALSE),"")
A7: 2-WINTER NAMES | B7: ALBANY | D7: =IF(C7>0,+AG7&"."&AI7&AJ7&"_"&AK7,"") | J7: 0 | K7: =IF(C7>0,C7,"") | AA7: =+IF($C7>0,VLOOKUP($B7,'CSM ACTIVE PRICE LIST'!$A$2:$F$1022,4,FALSE),"") | AB7: =+IF($C7>0,VLOOKUP($B7,'CSM ACTIVE PRICE LIST'!$A$2:$F$1022,5,FALSE),"") | AC7: =+IF($C7>0,VLOOKUP($B7,'CSM ACTIVE PRICE LIST'!$A$2:$F$1022,6,FALSE),"") | AE7: =+H7&J7 -> 0 | AG7: =IF($C7>0,+VLOOKUP(E7,'MASTER CODE DATA'!A$1:B$99,2,FALSE),"") | AH7: =IF(C7>0,+VLOOKUP(F7,'MASTER CODE DATA'!C$1:D$99,2,FALSE),"") | AI7: =IF(C7>0,+VLOOKUP(G7,'MASTER CODE DATA'!E$1:F$99,2,FALSE),"") | AJ7: =IF(C7>0,+VLOOKUP(H7,'MASTER CODE DATA'!G$1:H$99,2,FALSE),"") | AK7: =IF(C7>0,+VLOOKUP(I7,'MASTER CODE DATA'!I$1:J$99,2,FALSE),"")
A8: 7-KADIN İÇİN UYGUN İSİMLER | B8: ALEA | C8: WOMEN'S KNEE GRIP PRO BREECHES | D8: =IF(C8>0,+AG8&"."&AI8&AJ8&"_"&AK8,"") -> R.BOTWN_BRC | E8: RIDER | F8: WOMEN | G8: BOTTOMS | H8: WOMEN | I8: BREECHES | J8: BREECHES | K8: =IF(C8>0,C8,"") -> WOMEN'S KNEE GRIP PRO BREECHES | L8: MADE IN ITALY WITH PREMIUM ITALIAN FABRICS Professional Series Breeches that comes in a very soft microfibre that fit snugly that allows full movement whatever your discipline. Ideal for a long day activity. Grip knees for the best comfort. Finished with an elastic sock for a perfect fit. | M8: *Italian Premium fabric *Extra-soft and comfortable technical jersey *4-way stretch fabric *Breathable and Quick Dry *Wrinkle-free and Easy Care *Knee Grip Composition: 74% Micro PA / 26% Elasthane | N8: Machine Wash at 30°C Mild process Iron at low temperature Iron from REVERSE Do NOT iron on logos or prints Do not bleach Do NOT Tumble Dry | O8: KADIN PRO BİNİCİ PANTOLONU | P8: EN İYİ KALİTE İTALYAN KUMAŞLAR İLE İTALYA'DA ÜRETİLMİŞTİR Profesyonel Seri Binici Pantolonu; oldukça yumuşak mikrofiber kumaştan üretilmiş olup, her branşta tam hareket özgürlüğü sağlayacak şekilde vücuda tam oturur. Yoğun geçen günlerde idealdir. En iyi konfor için dizde grip detayı. Mükemmel uyum için elastik çorapla tamamlanmıştır. | Q8: *İtalyan Premium kumaş *Ekstra yumuşak ve konforlu teknik jarse *4 yönlü esneme özelliği *Nefes alabilir ve hızlı kurur *Kırışmaz ve kolay bakım *Diz Grip Bileşimi: %74 Mikro PA / %26 Elastan | R8: Makinede 30°C' de Yıkayın Hassas Yıkama Ilık ütü yapın Tersten ütüleyin Logo ve baskıları ÜTÜLEMEYİN Çamaşır suyu kullanmayın Kurutma Makinesinde Kurutmayın | S8: PANTALONI KNEE GRIP PRO DA DONNA | T8: PRODOTTO IN ITALIA CON TESSUTI ITALIANI DI ALTA QUALITÀ Realizzato in microfibra Sensitive extra comfort idrorepellente e traspirante, accompagna i movimenti senza costrizioni ed è ideale per attività fisiche anche prolungate. Fondo elastico per garantire un’ottima calzata, grip applicato al ginocchio per la massima aderenza e comfort | U8: *Tessuto premium italiano *Jersey tecnico extra morbido e confortevole *Tessuto elasticizzato in 4 direzioni *Traspirante e ad asciugatura rapida *Antipiega e facile da curare *Knee Grip Composizione: 74% Micro PA / 26% Elastan | V8: Lavare in lavatrice a 30°C Ciclo delicato Stirare a bassa temperatura Stirare al rovescio Non stirare su loghi o stampe Non candeggiare Non asciugare in asciugatrice | AA8: =+IF($C8>0,VLOOKUP($B8,'CSM ACTIVE PRICE LIST'!$A$2:$F$1022,4,FALSE),"") -> 219.9 | AB8: =+IF($C8>0,VLOOKUP($B8,'CSM ACTIVE PRICE LIST'!$A$2:$F$1022,5,FALSE),"") -> 12090 | AC8: =+IF($C8>0,VLOOKUP($B8,'CSM ACTIVE PRICE LIST'!$A$2:$F$1022,6,FALSE),"") -> 252.885 | AD8: =+VLOOKUP(B8,'SKU LIST - LINKED'!C:W,21,FALSE) -> XXS / 32-34;XS / 34-36;S / 36-38;M / 38-40;L / 40-42;XL / 42-44 | AE8: =+H8&"-"&J8 -> WOMEN-BREECHES | AF8: =+VLOOKUP(B8,'[1]STYLES & SIZE CHARTS'!$A:$H,8,FALSE) -> WB-BR1 | AG8: =IF($C8>0,+VLOOKUP(E8,'MASTER CODE DATA'!A$1:B$99,2,FALSE),"") -> R | AH8: =IF(C8>0,+VLOOKUP(F8,'MASTER CODE DATA'!C$1:D$99,2,FALSE),"") -> WMN | AI8: =IF(C8>0,+VLOOKUP(G8,'MASTER CODE DATA'!E$1:F$99,2,FALSE),"") -> BOT | AJ8: =IF(C8>0,+VLOOKUP(H8,'MASTER CODE DATA'!G$1:H$99,2,FALSE),"") -> WN | AK8: =IF(C8>0,+VLOOKUP(I8,'MASTER CODE DATA'!I$1:J$99,2,FALSE),"") -> BRC
B9: ALEA-W | C9: WOMEN'S KNEE GRIP PRO WINTER BREECHES | D9: =IF(C9>0,+AG9&"."&AI9&AJ9&"_"&AK9,"") -> R.BOTWN_BRC | E9: RIDER | F9: WOMEN | G9: BOTTOMS | H9: WOMEN | I9: BREECHES | J9: BREECHES | K9: =IF(C9>0,C9,"") -> WOMEN'S KNEE GRIP PRO WINTER BREECHES | L9: MADE IN ITALY WITH PREMIUM ITALIAN FABRICS Professional Series Winter Breeches that comes in a very soft microfibre on the surface fabric and a heat tech polar fabric on the inside to keep you warm during cold weather conditions and provide full movement whatever your discipline. Ideal for a long day activity. Grip knees for the best comfort. Finished with an elastic sock for a perfect fit. | M9: *Italian Premium fabric *Extra-soft and comfortable technical jersey with heat tech polar fabric inside *4-way stretch fabric *Breathable and Quick Dry *Wrinkle-free and Easy Care *Knee Grip Composition: 74% Micro PA / 26% Elasthane | N9: Machine Wash at 30°C Mild process Iron at low temperature Iron from REVERSE Do NOT iron on logos or prints Do not bleach Do NOT Tumble Dry | O9: KIŞLIK KADIN PRO BİNİCİ PANTOLONU | P9: EN İYİ KALİTE İTALYAN KUMAŞLAR İLE İTALYA'DA ÜRETİLMİŞTİR Profesyonel Seri Kışlık Binici Pantolonu; yüzeyde dört yöne esneyen yumuşak mikrofiber kumaştan ve iç kısmında ısı tutan polar kumaş ile üretilmiş olup, her branşta tam hareket özgürlüğü sağlayacak şekilde vücuda tam oturur. Soğuk hava şartlarında kullanmak için idealdir. En iyi konfor için dizde grip detayı. Mükemmel uyum için elastik çorapla tamamlanmıştır. | Q9: *İtalyan Premium kumaş *Dışı ekstra yumuşak ve konforlu teknik jarse, içi ısı tutan polar kumaş *4 yönlü esneme özelliği *Nefes alabilir ve hızlı kurur *Kırışmaz ve kolay bakım *Diz Grip Bileşimi: %74 Mikro PA / %26 Elastan | R9: Makinede 30°C' de Yıkayın Hassas Yıkama Ilık ütü yapın Tersten ütüleyin Logo ve baskıları ÜTÜLEMEYİN Çamaşır suyu kullanmayın Kurutma Makinesinde Kurutmayın | S9: PANTALONI INVERNALI KNEE GRIP PRO DA DONNA | T9: PRODOTTO IN ITALIA CON TESSUTI ITALIANI DI ALTA QUALITÀ Realizzato in faccia con tessuto microfibra Sensitive extra comfort idrorepellente e traspirante, e dentro con felpa heat tech per tenervi caldo nei ambienti molto freddi. Ideale per attività fisiche anche prolungate. Fondo elastico per garantire un’ottima calzata, grip applicato al ginocchio per la massima aderenza e comfort | U9: *Tessuto premium italiano *Jersey tecnico extra morbido e confortevole con felpa heat tech dentro *Tessuto elasticizzato in 4 direzioni *Traspirante e ad asciugatura rapida *Antipiega e facile da curare *Knee Grip Composizione: 74% Micro PA / 26% Elastan | V9: Lavare in lavatrice a 30°C Ciclo delicato Stirare a bassa temperatura Stirare al rovescio Non stirare su loghi o stampe Non candeggiare Non asciugare in asciugatrice | AA9: =+IF($C9>0,VLOOKUP($B9,'CSM ACTIVE PRICE LIST'!$A$2:$F$1022,4,FALSE),"") -> 229.9 | AB9: =+IF($C9>0,VLOOKUP($B9,'CSM ACTIVE PRICE LIST'!$A$2:$F$1022,5,FALSE),"") -> 12640 | AC9: =+IF($C9>0,VLOOKUP($B9,'CSM ACTIVE PRICE LIST'!$A$2:$F$1022,6,FALSE),"") -> 264.385 | AD9: =+VLOOKUP(B9,'SKU LIST - LINKED'!C:W,21,FALSE) -> XXS / 32-34;XS / 34-36;S / 36-38;M / 38-40;L / 40-42;XL / 42-44 | AE9: =+H9&"-"&J9 -> WOMEN-BREECHES | AF9: =+VLOOKUP(B9,'[1]STYLES & SIZE CHARTS'!$A:$H,8,FALSE) -> WB-BR1 | AG9: =IF($C9>0,+VLOOKUP(E9,'MASTER CODE DATA'!A$1:B$99,2,FALSE),"") -> R | AH9: =IF(C9>0,+VLOOKUP(F9,'MASTER CODE DATA'!C$1:D$99,2,FALSE),"") -> WMN | AI9: =IF(C9>0,+VLOOKUP(G9,'MASTER CODE DATA'!E$1:F$99,2,FALSE),"") -> BOT | AJ9: =IF(C9>0,+VLOOKUP(H9,'MASTER CODE DATA'!G$1:H$99,2,FALSE),"") -> WN | AK9: =IF(C9>0,+VLOOKUP(I9,'MASTER CODE DATA'!I$1:J$99,2,FALSE),"") -> BRC
A10: 4-GENERAL USE NAMES | B10: ALEX | C10: KID'S FLEECE JUMPER | D10: =IF(C10>0,+AG10&"."&AI10&AJ10&"_"&AK10,"") -> R.S&JKU_JMP | E10: RIDER | F10: JUNIOR | G10: SWEATS & JUMPERS | H10: KIDS UNISEX | I10: JUMPERS | J10: JUMPERS | K10: =IF(C10>0,C10,"") -> KID'S FLEECE JUMPER | L10: CSM fleece jumpers are made with high quality fleece fabric to keep you warm in the horse world where you spend the majority of your time in the outdoors. | M10: *High density & soft fleece fabric *Extra-warm Composition: 100% Polyester | N10: Machine Wash at 30°C Mild process Do not bleach Do NOT Tumble Dry | O10: ÇOCUK POLAR HIRKA | P10: CSM polar hırkalar zamanınızın çoğunu açık havada geçirdiğiniz at dünyasında sizi sıcak tutmak için yüksek kaliteli polar kumaştan üretilmiştir. | Q10: * Yüksek denye & yumuşak polar kumaş * Extra sıcak tutma Kompozisyon: 100% Polyester | R10: Makinede 30°C' de Yıkayın Hassas Yıkama Çamaşır suyu kullanmayın Kurutma Makinesinde Kurutmayın | S10: FELPA DI PILE DA JUNIOR | T10: Felpe in pile CSM Realizzate con tessuto in pile di alta qualità per tenerti al caldo nel mondo dell'equitazione, dove trascorri la maggior parte del tuo tempo all'aperto. | U10: Tessuto in pile ad alta densità e morbidezza Extra caldo Composizione: 100% Poliestere | V10: Lavare in lavatrice a 30°C Ciclo delicato Non candeggiare Non asciugare in asciugatrice | AA10: =+IF($C10>0,VLOOKUP($B10,'CSM ACTIVE PRICE LIST'!$A$2:$F$1022,4,FALSE),"") -> 99.9 | AB10: =+IF($C10>0,VLOOKUP($B10,'CSM ACTIVE PRICE LIST'!$A$2:$F$1022,5,FALSE),"") -> 5490 | AC10: =+IF($C10>0,VLOOKUP($B10,'CSM ACTIVE PRICE LIST'!$A$2:$F$1022,6,FALSE),"") -> 114.885 | AD10: =+VLOOKUP(B10,'SKU LIST - LINKED'!C:W,21,FALSE) -> #N/A | AE10: =+H10&"-"&J10 -> KIDS UNISEX-JUMPERS | AF10: =+VLOOKUP(B10,'[1]STYLES & SIZE CHARTS'!$A:$H,8,FALSE) -> 0 | AG10: =IF($C10>0,+VLOOKUP(E10,'MASTER CODE DATA'!A$1:B$99,2,FALSE),"") -> R | AH10: =IF(C10>0,+VLOOKUP(F10,'MASTER CODE DATA'!C$1:D$99,2,FALSE),"") -> JNR | AI10: =IF(C10>0,+VLOOKUP(G10,'MASTER CODE DATA'!E$1:F$99,2,FALSE),"") -> S&J | AJ10: =IF(C10>0,+VLOOKUP(H10,'MASTER CODE DATA'!G$1:H$99,2,FALSE),"") -> KU | AK10: =IF(C10>0,+VLOOKUP(I10,'MASTER CODE DATA'!I$1:J$99,2,FALSE),"") -> JMP
A11: 7-KADIN İÇİN UYGUN İSİMLER | B11: ALLEGRA | C11: WOMEN'S FULL GRIP PRO LEGGINGS | D11: =IF(C11>0,+AG11&"."&AI11&AJ11&"_"&AK11,"") -> R.BOTWN_LGN | E11: RIDER | F11: WOMEN | G11: BOTTOMS | H11: WOMEN | I11: LEGGINGS | J11: LEGGINGS | K11: =IF(C11>0,C11,"") -> WOMEN'S FULL GRIP PRO LEGGINGS | L11: MADE IN ITALY WITH PREMIUM ITALIAN FABRICS Professional leggings in lurex microfibre, perfect wearability for all day activities. Side pockets and full grip applied for the best comfort. | M11: *Italian Premium fabric *Extra-soft and comfortable technical jersey *4-way stretch fabric *Breathable and Quick Dry *Wrinkle-free and Easy Care *Full Grip Composition: 74% Micro PA / 26% Elasthane | N11: Machine Wash at 30°C Mild process Iron at low temperature Iron from REVERSE Do NOT iron on logos or prints Do not bleach Do NOT Tumble Dry | O11: KADIN FULL GRIP PRO BİNİCİ TAYTI | P11: EN İYİ KALİTE İTALYAN KUMAŞLAR İLE İTALYA'DA ÜRETİLMİŞTİR Dört yöne esneyen mikrofiberden profesyonel tayt, tüm gün aktivitelerinde mükemmel giyilebilirlik sunar. En iyi konfor için yan cepler ve full grip detayları uygulanmıştır. | Q11: *İtalyan Premium kumaş *Ekstra yumuşak ve konforlu teknik jarse *4 yönlü esneme özelliği *Nefes alabilir ve hızlı kurur *Kırışmaz ve kolay bakım *Full Grip Bileşimi: %72 Mikro PA / %28 Elastan | R11: Makinede 30°C' de Yıkayın Hassas Yıkama Ilık ütü yapın Tersten ütüleyin Logo ve baskıları ÜTÜLEMEYİN Çamaşır suyu kullanmayın Kurutma Makinesinde Kurutmayın | S11: LEGGINGS FULL GRIP PRO DA DONNA | T11: PRODOTTO IN ITALIA CON TESSUTI ITALIANI DI ALTA QUALITÀ Leggings realizzato in microfibra super elastico che garantisce perfetta vestibilità e durabilità nel tempo. Tasche al fianco e full grip applicato per il massimo comfort | U11: *Tessuto premium italiano *Jersey tecnico extra morbido e confortevole *Tessuto elasticizzato in 4 direzioni *Traspirante e ad asciugatura rapida *Antipiega e facile da curare *Full Grip Composizione: 74% Micro PA / 26% Elastan | V11: Lavare in lavatrice a 30°C Ciclo delicato Stirare a bassa temperatura Stirare al rovescio Non stirare su loghi o stampe Non candeggiare Non asciugare in asciugatrice | AA11: =+IF($C11>0,VLOOKUP($B11,'CSM ACTIVE PRICE LIST'!$A$2:$F$1022,4,FALSE),"") -> 109.9 | AB11: =+IF($C11>0,VLOOKUP($B11,'CSM ACTIVE PRICE LIST'!$A$2:$F$1022,5,FALSE),"") -> 6040 | AC11: =+IF($C11>0,VLOOKUP($B11,'CSM ACTIVE PRICE LIST'!$A$2:$F$1022,6,FALSE),"") -> 126.385 | AD11: =+VLOOKUP(B11,'SKU LIST - LINKED'!C:W,21,FALSE) -> XS / 34-36;S / 36-38;M / 38-40;L / 40-42;XL / 42-44 | AE11: =+H11&"-"&J11 -> WOMEN-LEGGINGS | AF11: =+VLOOKUP(B11,'[1]STYLES & SIZE CHARTS'!$A:$H,8,FALSE) -> WB-L1 | AG11: =IF($C11>0,+VLOOKUP(E11,'MASTER CODE DATA'!A$1:B$99,2,FALSE),"") -> R | AH11: =IF(C11>0,+VLOOKUP(F11,'MASTER CODE DATA'!C$1:D$99,2,FALSE),"") -> WMN | AI11: =IF(C11>0,+VLOOKUP(G11,'MASTER CODE DATA'!E$1:F$99,2,FALSE),"") -> BOT | AJ11: =IF(C11>0,+VLOOKUP(H11,'MASTER CODE DATA'!G$1:H$99,2,FALSE),"") -> WN | AK11: =IF(C11>0,+VLOOKUP(I11,'MASTER CODE DATA'!I$1:J$99,2,FALSE),"") -> LGN
A12: 7-KADIN İÇİN UYGUN İSİMLER | B12: ALMEIRA | D12: =IF(C12>0,+AG12&"."&AI12&AJ12&"_"&AK12,"") | J12: 0 | K12: =IF(C12>0,C12,"") | AA12: =+IF($C12>0,VLOOKUP($B12,'CSM ACTIVE PRICE LIST'!$A$2:$F$1022,4,FALSE),"") | AB12: =+IF($C12>0,VLOOKUP($B12,'CSM ACTIVE PRICE LIST'!$A$2:$F$1022,5,FALSE),"") | AC12: =+IF($C12>0,VLOOKUP($B12,'CSM ACTIVE PRICE LIST'!$A$2:$F$1022,6,FALSE),"") | AE12: =+H12&J12 -> 0 | AG12: =IF($C12>0,+VLOOKUP(E12,'MASTER CODE DATA'!A$1:B$99,2,FALSE),"") | AH12: =IF(C12>0,+VLOOKUP(F12,'MASTER CODE DATA'!C$1:D$99,2,FALSE),"") | AI12: =IF(C12>0,+VLOOKUP(G12,'MASTER CODE DATA'!E$1:F$99,2,FALSE),"") | AJ12: =IF(C12>0,+VLOOKUP(H12,'MASTER CODE DATA'!G$1:H$99,2,FALSE),"") | AK12: =IF(C12>0,+VLOOKUP(I12,'MASTER CODE DATA'!I$1:J$99,2,FALSE),"")
A13: 5-COMPETITION NAMES | B13: AMALFI | D13: =IF(C13>0,+AG13&"."&AI13&AJ13&"_"&AK13,"") | J13: 0 | K13: =IF(C13>0,C13,"") | AA13: =+IF($C13>0,VLOOKUP($B13,'CSM ACTIVE PRICE LIST'!$A$2:$F$1022,4,FALSE),"") | AB13: =+IF($C13>0,VLOOKUP($B13,'CSM ACTIVE PRICE LIST'!$A$2:$F$1022,5,FALSE),"") | AC13: =+IF($C13>0,VLOOKUP($B13,'CSM ACTIVE PRICE LIST'!$A$2:$F$1022,6,FALSE),"") | AE13: =+H13&J13 -> 0 | AG13: =IF($C13>0,+VLOOKUP(E13,'MASTER CODE DATA'!A$1:B$99,2,FALSE),"") | AH13: =IF(C13>0,+VLOOKUP(F13,'MASTER CODE DATA'!C$1:D$99,2,FALSE),"") | AI13: =IF(C13>0,+VLOOKUP(G13,'MASTER CODE DATA'!E$1:F$99,2,FALSE),"") | AJ13: =IF(C13>0,+VLOOKUP(H13,'MASTER CODE DATA'!G$1:H$99,2,FALSE),"") | AK13: =IF(C13>0,+VLOOKUP(I13,'MASTER CODE DATA'!I$1:J$99,2,FALSE),"")
A14: 1-TOP NAMES | B14: AMSTERDAM | D14: =IF(C14>0,+AG14&"."&AI14&AJ14&"_"&AK14,"") | J14: 0 | K14: =IF(C14>0,C14,"") | AA14: =+IF($C14>0,VLOOKUP($B14,'CSM ACTIVE PRICE LIST'!$A$2:$F$1022,4,FALSE),"") | AB14: =+IF($C14>0,VLOOKUP($B14,'CSM ACTIVE PRICE LIST'!$A$2:$F$1022,5,FALSE),"") | AC14: =+IF($C14>0,VLOOKUP($B14,'CSM ACTIVE PRICE LIST'!$A$2:$F$1022,6,FALSE),"") | AE14: =+H14&J14 -> 0 | AG14: =IF($C14>0,+VLOOKUP(E14,'MASTER CODE DATA'!A$1:B$99,2,FALSE),"") | AH14: =IF(C14>0,+VLOOKUP(F14,'MASTER CODE DATA'!C$1:D$99,2,FALSE),"") | AI14: =IF(C14>0,+VLOOKUP(G14,'MASTER CODE DATA'!E$1:F$99,2,FALSE),"") | AJ14: =IF(C14>0,+VLOOKUP(H14,'MASTER CODE DATA'!G$1:H$99,2,FALSE),"") | AK14: =IF(C14>0,+VLOOKUP(I14,'MASTER CODE DATA'!I$1:J$99,2,FALSE),"")
A15: 5-COMPETITION NAMES | B15: ANCONA | D15: =IF(C15>0,+AG15&"."&AI15&AJ15&"_"&AK15,"") | J15: 0 | K15: =IF(C15>0,C15,"") | AA15: =+IF($C15>0,VLOOKUP($B15,'CSM ACTIVE PRICE LIST'!$A$2:$F$1022,4,FALSE),"") | AB15: =+IF($C15>0,VLOOKUP($B15,'CSM ACTIVE PRICE LIST'!$A$2:$F$1022,5,FALSE),"") | AC15: =+IF($C15>0,VLOOKUP($B15,'CSM ACTIVE PRICE LIST'!$A$2:$F$1022,6,FALSE),"") | AE15: =+H15&J15 -> 0 | AG15: =IF($C15>0,+VLOOKUP(E15,'MASTER CODE DATA'!A$1:B$99,2,FALSE),"") | AH15: =IF(C15>0,+VLOOKUP(F15,'MASTER CODE DATA'!C$1:D$99,2,FALSE),"") | AI15: =IF(C15>0,+VLOOKUP(G15,'MASTER CODE DATA'!E$1:F$99,2,FALSE),"") | AJ15: =IF(C15>0,+VLOOKUP(H15,'MASTER CODE DATA'!G$1:H$99,2,FALSE),"") | AK15: =IF(C15>0,+VLOOKUP(I15,'MASTER CODE DATA'!I$1:J$99,2,FALSE),"")
A16: 5-COMPETITION NAMES | B16: ANDORRA | D16: =IF(C16>0,+AG16&"."&AI16&AJ16&"_"&AK16,"") | J16: 0 | K16: =IF(C16>0,C16,"") | AA16: =+IF($C16>0,VLOOKUP($B16,'CSM ACTIVE PRICE LIST'!$A$2:$F$1022,4,FALSE),"") | AB16: =+IF($C16>0,VLOOKUP($B16,'CSM ACTIVE PRICE LIST'!$A$2:$F$1022,5,FALSE),"") | AC16: =+IF($C16>0,VLOOKUP($B16,'CSM ACTIVE PRICE LIST'!$A$2:$F$1022,6,FALSE),"") | AE16: =+H16&J16 -> 0 | AG16: =IF($C16>0,+VLOOKUP(E16,'MASTER CODE DATA'!A$1:B$99,2,FALSE),"") | AH16: =IF(C16>0,+VLOOKUP(F16,'MASTER CODE DATA'!C$1:D$99,2,FALSE),"") | AI16: =IF(C16>0,+VLOOKUP(G16,'MASTER CODE DATA'!E$1:F$99,2,FALSE),"") | AJ16: =IF(C16>0,+VLOOKUP(H16,'MASTER CODE DATA'!G$1:H$99,2,FALSE),"") | AK16: =IF(C16>0,+VLOOKUP(I16,'MASTER CODE DATA'!I$1:J$99,2,FALSE),"")
A17: 5-COMPETITION NAMES | B17: ANGOLA | D17: =IF(C17>0,+AG17&"."&AI17&AJ17&"_"&AK17,"") | J17: 0 | K17: =IF(C17>0,C17,"") | AA17: =+IF($C17>0,VLOOKUP($B17,'CSM ACTIVE PRICE LIST'!$A$2:$F$1022,4,FALSE),"") | AB17: =+IF($C17>0,VLOOKUP($B17,'CSM ACTIVE PRICE LIST'!$A$2:$F$1022,5,FALSE),"") | AC17: =+IF($C17>0,VLOOKUP($B17,'CSM ACTIVE PRICE LIST'!$A$2:$F$1022,6,FALSE),"") | AE17: =+H17&J17 -> 0 | AG17: =IF($C17>0,+VLOOKUP(E17,'MASTER CODE DATA'!A$1:B$99,2,FALSE),"") | AH17: =IF(C17>0,+VLOOKUP(F17,'MASTER CODE DATA'!C$1:D$99,2,FALSE),"") | AI17: =IF(C17>0,+VLOOKUP(G17,'MASTER CODE DATA'!E$1:F$99,2,FALSE),"") | AJ17: =IF(C17>0,+VLOOKUP(H17,'MASTER CODE DATA'!G$1:H$99,2,FALSE),"") | AK17: =IF(C17>0,+VLOOKUP(I17,'MASTER CODE DATA'!I$1:J$99,2,FALSE),"")
A18: 5-COMPETITION NAMES | B18: AREZZO | C18: MEN'S PRO COMPETITION JACKET | D18: =IF(C18>0,+AG18&"."&AI18&AJ18&"_"&AK18,"") -> R.J&TMN_CJK | E18: RIDER | F18: MEN | G18: JACKETS & TAILCOATS | H18: MEN | I18: COMPETITION JACKETS | J18: COMPETITION JACKETS | K18: =IF(C18>0,C18,"") -> MEN'S PRO COMPETITION JACKET | L18: MADE IN ITALY WITH PREMIUM ITALIAN FABRICS Professional Series Competition jacket with soft-shell microfibre that is waterproof, highly elastic and breathable technical jersey fabric. Machine washable | M18: *Italian Premium fabric *Extra-soft and comfortable technical jersey * 4-way stretch fabric * Breathable and Quick Dry * Wrinkle-free and Easy Care Composition: 74% Micro PA / 26% Elasthane | N18: Machine Wash at 30°C Mild process Iron at low temperature Iron from REVERSE Do NOT iron on logos or prints Do not bleach Do NOT Tumble Dry | O18: ERKEK PRO YARIŞMA CEKETİ | P18: EN İYİ KALİTE İTALYAN KUMAŞLAR İLE İTALYA'DA ÜRETİLMİŞTİR Dört yöne esneyen mikrofiberden üretilmiş Profesyonel Seri Yarış Ceketi; su geçirmez, yüksek elastikiyetli ve nefes alabilir teknik örme kumaştan oluşur. Makinede yıkanabilir. | Q18: *İtalyan Premium kumaş *Ekstra yumuşak ve konforlu teknik jarse *4 yönlü esneme özelliği *Nefes alabilir ve hızlı kurur *Kırışmaz ve kolay bakım Bileşimi: %72 Mikro PA / %28 Elastan | R18: Makinede 30°C' de Yıkayın Hassas Yıkama Ilık ütü yapın Tersten ütüleyin Logo ve baskıları ÜTÜLEMEYİN Çamaşır suyu kullanmayın Kurutma Makinesinde Kurutmayın | S18: GIACCHE PRO DA GARA DA UOMO | T18: PRODOTTO IN ITALIA CON TESSUTI ITALIANI DI ALTA QUALITÀ Giacca in microfibra Sensitive ad elevate prestazioni, estremamente elastica e traspirante. Lavabile in lavatrice. Grazie allo studio e alla particolare costruzione delle cuciture di spalle e dorso garantisce una perfetta vestibilità. | U18: *Tessuto premium italiano *Jersey tecnico extra morbido e confortevole *Tessuto elasticizzato in 4 direzioni *Traspirante e ad asciugatura rapida *Antipiega e facile da curare Composizione: 74% Micro PA / 26% Elastan | V18: Lavare in lavatrice a 30°C Ciclo delicato Stirare a bassa temperatura Stirare al rovescio Non stirare su loghi o stampe Non candeggiare Non asciugare in asciugatrice | AA18: =+IF($C18>0,VLOOKUP($B18,'CSM ACTIVE PRICE LIST'!$A$2:$F$1022,4,FALSE),"") -> 449.9 | AB18: =+IF($C18>0,VLOOKUP($B18,'CSM ACTIVE PRICE LIST'!$A$2:$F$1022,5,FALSE),"") -> 24740 | AC18: =+IF($C18>0,VLOOKUP($B18,'CSM ACTIVE PRICE LIST'!$A$2:$F$1022,6,FALSE),"") -> 517.385 | AD18: =+VLOOKUP(B18,'SKU LIST - LINKED'!C:W,21,FALSE) -> XS / 42;S / 44;M / 46;L / 48;XL / 50;XXL / 52 | AE18: =+H18&"-"&J18 -> MEN-COMPETITION JACKETS | AF18: =+VLOOKUP(B18,'[1]STYLES & SIZE CHARTS'!$A:$H,8,FALSE) -> MJT-CJ1 | AG18: =IF($C18>0,+VLOOKUP(E18,'MASTER CODE DATA'!A$1:B$99,2,FALSE),"") -> R | AH18: =IF(C18>0,+VLOOKUP(F18,'MASTER CODE DATA'!C$1:D$99,2,FALSE),"") -> MEN | AI18: =IF(C18>0,+VLOOKUP(G18,'MASTER CODE DATA'!E$1:F$99,2,FALSE),"") -> J&T | AJ18: =IF(C18>0,+VLOOKUP(H18,'MASTER CODE DATA'!G$1:H$99,2,FALSE),"") -> MN | AK18: =IF(C18>0,+VLOOKUP(I18,'MASTER CODE DATA'!I$1:J$99,2,FALSE),"") -> CJK
A19: 5-COMPETITION NAMES | B19: AREZZO-TBF | C19: MEN'S PRO COMPETITION JACKET X TEAM TÜRKİYE | D19: =IF(C19>0,+AG19&"."&AI19&AJ19&"_"&AK19,"") -> R.J&TMN_CJK | E19: RIDER | F19: MEN | G19: JACKETS & TAILCOATS | H19: MEN | I19: COMPETITION JACKETS | J19: COMPETITION JACKETS | K19: =IF(C19>0,C19,"") -> MEN'S PRO COMPETITION JACKET X TEAM TÜRKİYE | L19: MADE IN ITALY WITH PREMIUM ITALIAN FABRICS Professional Series Competition jacket with soft-shell microfibre that is waterproof, highly elastic and breathable technical jersey fabric. Machine washable | M19: *Italian Premium fabric *Extra-soft and comfortable technical jersey * 4-way stretch fabric * Breathable and Quick Dry * Wrinkle-free and Easy Care Composition: 74% Micro PA / 26% Elasthane | N19: Machine Wash at 30°C Mild process Iron at low temperature Iron from REVERSE Do NOT iron on logos or prints Do not bleach Do NOT Tumble Dry | O19: ERKEK PRO YARIŞMA CEKETİ X TEAM TÜRKİYE | P19: EN İYİ KALİTE İTALYAN KUMAŞLAR İLE İTALYA'DA ÜRETİLMİŞTİR Dört yöne esneyen mikrofiberden üretilmiş Profesyonel Seri Yarış Ceketi; su geçirmez, yüksek elastikiyetli ve nefes alabilir teknik örme kumaştan oluşur. Makinede yıkanabilir. | Q19: *İtalyan Premium kumaş *Ekstra yumuşak ve konforlu teknik jarse *4 yönlü esneme özelliği *Nefes alabilir ve hızlı kurur *Kırışmaz ve kolay bakım Bileşimi: %72 Mikro PA / %28 Elastan | R19: Makinede 30°C' de Yıkayın Hassas Yıkama Ilık ütü yapın Tersten ütüleyin Logo ve baskıları ÜTÜLEMEYİN Çamaşır suyu kullanmayın Kurutma Makinesinde Kurutmayın | S19: GIACCHE PRO DA GARA DA UOMO X TEAM TÜRKİYE | T19: PRODOTTO IN ITALIA CON TESSUTI ITALIANI DI ALTA QUALITÀ Giacca in microfibra Sensitive ad elevate prestazioni, estremamente elastica e traspirante. Lavabile in lavatrice. Grazie allo studio e alla particolare costruzione delle cuciture di spalle e dorso garantisce una perfetta vestibilità. | U19: *Tessuto premium italiano *Jersey tecnico extra morbido e confortevole *Tessuto elasticizzato in 4 direzioni *Traspirante e ad asciugatura rapida *Antipiega e facile da curare Composizione: 74% Micro PA / 26% Elastan | V19: Lavare in lavatrice a 30°C Ciclo delicato Stirare a bassa temperatura Stirare al rovescio Non stirare su loghi o stampe Non candeggiare Non asciugare in asciugatrice | AA19: =+IF($C19>0,VLOOKUP($B19,'CSM ACTIVE PRICE LIST'!$A$2:$F$1022,4,FALSE),"") -> 499.9 | AB19: =+IF($C19>0,VLOOKUP($B19,'CSM ACTIVE PRICE LIST'!$A$2:$F$1022,5,FALSE),"") -> 27490 | AC19: =+IF($C19>0,VLOOKUP($B19,'CSM ACTIVE PRICE LIST'!$A$2:$F$1022,6,FALSE),"") -> 574.885 | AD19: =+VLOOKUP(B19,'SKU LIST - LINKED'!C:W,21,FALSE) -> XS / 42;S / 44;M / 46;L / 48;XL / 50;XXL / 52 | AE19: =+H19&"-"&J19 -> MEN-COMPETITION JACKETS | AF19: =+VLOOKUP(B19,'[1]STYLES & SIZE CHARTS'!$A:$H,8,FALSE) -> MJT-CJ1 | AG19: =IF($C19>0,+VLOOKUP(E19,'MASTER CODE DATA'!A$1:B$99,2,FALSE),"") -> R | AH19: =IF(C19>0,+VLOOKUP(F19,'MASTER CODE DATA'!C$1:D$99,2,FALSE),"") -> MEN | AI19: =IF(C19>0,+VLOOKUP(G19,'MASTER CODE DATA'!E$1:F$99,2,FALSE),"") -> J&T | AJ19: =IF(C19>0,+VLOOKUP(H19,'MASTER CODE DATA'!G$1:H$99,2,FALSE),"") -> MN | AK19: =IF(C19>0,+VLOOKUP(I19,'MASTER CODE DATA'!I$1:J$99,2,FALSE),"") -> CJK
A20: 4-GENERAL USE NAMES | B20: ARGENTINA | D20: =IF(C20>0,+AG20&"."&AI20&AJ20&"_"&AK20,"") | J20: 0 | K20: =IF(C20>0,C20,"") | AA20: =+IF($C20>0,VLOOKUP($B20,'CSM ACTIVE PRICE LIST'!$A$2:$F$1022,4,FALSE),"") | AB20: =+IF($C20>0,VLOOKUP($B20,'CSM ACTIVE PRICE LIST'!$A$2:$F$1022,5,FALSE),"") | AC20: =+IF($C20>0,VLOOKUP($B20,'CSM ACTIVE PRICE LIST'!$A$2:$F$1022,6,FALSE),"") | AE20: =+H20&J20 -> 0 | AG20: =IF($C20>0,+VLOOKUP(E20,'MASTER CODE DATA'!A$1:B$99,2,FALSE),"") | AH20: =IF(C20>0,+VLOOKUP(F20,'MASTER CODE DATA'!C$1:D$99,2,FALSE),"") | AI20: =IF(C20>0,+VLOOKUP(G20,'MASTER CODE DATA'!E$1:F$99,2,FALSE),"") | AJ20: =IF(C20>0,+VLOOKUP(H20,'MASTER CODE DATA'!G$1:H$99,2,FALSE),"") | AK20: =IF(C20>0,+VLOOKUP(I20,'MASTER CODE DATA'!I$1:J$99,2,FALSE),"")
A21: 7-KADIN İÇİN UYGUN İSİMLER | B21: ARIZONA | D21: =IF(C21>0,+AG21&"."&AI21&AJ21&"_"&AK21,"") | J21: 0 | K21: =IF(C21>0,C21,"") | AA21: =+IF($C21>0,VLOOKUP($B21,'CSM ACTIVE PRICE LIST'!$A$2:$F$1022,4,FALSE),"") | AB21: =+IF($C21>0,VLOOKUP($B21,'CSM ACTIVE PRICE LIST'!$A$2:$F$1022,5,FALSE),"") | AC21: =+IF($C21>0,VLOOKUP($B21,'CSM ACTIVE PRICE LIST'!$A$2:$F$1022,6,FALSE),"") | AE21: =+H21&J21 -> 0 | AG21: =IF($C21>0,+VLOOKUP(E21,'MASTER CODE DATA'!A$1:B$99,2,FALSE),"") | AH21: =IF(C21>0,+VLOOKUP(F21,'MASTER CODE DATA'!C$1:D$99,2,FALSE),"") | AI21: =IF(C21>0,+VLOOKUP(G21,'MASTER CODE DATA'!E$1:F$99,2,FALSE),"") | AJ21: =IF(C21>0,+VLOOKUP(H21,'MASTER CODE DATA'!G$1:H$99,2,FALSE),"") | AK21: =IF(C21>0,+VLOOKUP(I21,'MASTER CODE DATA'!I$1:J$99,2,FALSE),"")
A22: 4-GENERAL USE NAMES | B22: ARKANSAS | D22: =IF(C22>0,+AG22&"."&AI22&AJ22&"_"&AK22,"") | J22: 0 | K22: =IF(C22>0,C22,"") | AA22: =+IF($C22>0,VLOOKUP($B22,'CSM ACTIVE PRICE LIST'!$A$2:$F$1022,4,FALSE),"") | AB22: =+IF($C22>0,VLOOKUP($B22,'CSM ACTIVE PRICE LIST'!$A$2:$F$1022,5,FALSE),"") | AC22: =+IF($C22>0,VLOOKUP($B22,'CSM ACTIVE PRICE LIST'!$A$2:$F$1022,6,FALSE),"") | AE22: =+H22&J22 -> 0 | AG22: =IF($C22>0,+VLOOKUP(E22,'MASTER CODE DATA'!A$1:B$99,2,FALSE),"") | AH22: =IF(C22>0,+VLOOKUP(F22,'MASTER CODE DATA'!C$1:D$99,2,FALSE),"") | AI22: =IF(C22>0,+VLOOKUP(G22,'MASTER CODE DATA'!E$1:F$99,2,FALSE),"") | AJ22: =IF(C22>0,+VLOOKUP(H22,'MASTER CODE DATA'!G$1:H$99,2,FALSE),"") | AK22: =IF(C22>0,+VLOOKUP(I22,'MASTER CODE DATA'!I$1:J$99,2,FALSE),"")
A23: 4-GENERAL USE NAMES | B23: ASINARA | D23: =IF(C23>0,+AG23&"."&AI23&AJ23&"_"&AK23,"") | J23: 0 | K23: =IF(C23>0,C23,"") | AA23: =+IF($C23>0,VLOOKUP($B23,'CSM ACTIVE PRICE LIST'!$A$2:$F$1022,4,FALSE),"") | AB23: =+IF($C23>0,VLOOKUP($B23,'CSM ACTIVE PRICE LIST'!$A$2:$F$1022,5,FALSE),"") | AC23: =+IF($C23>0,VLOOKUP($B23,'CSM ACTIVE PRICE LIST'!$A$2:$F$1022,6,FALSE),"") | AE23: =+H23&J23 -> 0 | AG23: =IF($C23>0,+VLOOKUP(E23,'MASTER CODE DATA'!A$1:B$99,2,FALSE),"") | AH23: =IF(C23>0,+VLOOKUP(F23,'MASTER CODE DATA'!C$1:D$99,2,FALSE),"") | AI23: =IF(C23>0,+VLOOKUP(G23,'MASTER CODE DATA'!E$1:F$99,2,FALSE),"") | AJ23: =IF(C23>0,+VLOOKUP(H23,'MASTER CODE DATA'!G$1:H$99,2,FALSE),"") | AK23: =IF(C23>0,+VLOOKUP(I23,'MASTER CODE DATA'!I$1:J$99,2,FALSE),"")
A24: 2-WINTER NAMES | B24: ASPEN | C24: WOMEN'S LONG SLEEVE BASE LAYER QUARTER ZIP | D24: =IF(C24>0,+AG24&"."&AI24&AJ24&"_"&AK24,"") -> R.TOPWN_BLY | E24: RIDER | F24: WOMEN | G24: TOPS | H24: WOMEN | I24: BASE LAYERS | J24: BASE LAYERS | K24: =IF(C24>0,C24,"") -> WOMEN'S LONG SLEEVE BASE LAYER QUARTER ZIP | L24: ASPEN Quarter Zip Base Layer / Second Skin Chic, comfortable and technical These elegant base layers are designed to ride and train in style. Available in many colors to match your horse's gear. | M24: *Extra-soft and comfortable technical jersey * 4-way stretch fabric * Breathable and Quick Dry * Wrinkle-free and Easy Care Composition: 90% Polyamide 10% Elasthane | N24: Machine Wash at 30°C Mild process Iron at low temperature Iron from REVERSE Do NOT iron on logos or prints Do not bleach Do NOT Tumble Dry | O24: KADIN UZUN KOL FERMUARLI T-SHIRT | P24: ASPEN Fermuarlı Uzun Kol Antrenman T-shirt / Second Skin Şık, konforlu ve teknik Bu zarif t-shirtler, şık bir şekilde ata binmeniz ve antrenman yapmanız için tasarlanmıştır. Atınızda kullandığınız malzemelerle uyumlu olması için birçok renk seçeneği mevcuttur. | Q24: *Ekstra yumuşak ve rahat teknik örme kumaş * 4 yöne esneyen kumaş * Nefes Alabilir ve Hızlı Kuruma * Kırışmaz ve Bakımı Kolay Kompozisyon: %90 Polyamid %10 Elastan | R24: Makinede 30°C' de Yıkayın Hassas Yıkama Ilık ütü yapın Tersten ütüleyin Logo ve baskıları ÜTÜLEMEYİN Çamaşır suyu kullanmayın Kurutma Makinesinde Kurutmayın | S24: MAGILETTA DONNA MANICA LUNGA QUARTER ZIP | T24: ASPEN Maglietta tecnica a mezza zip / Second Skin Chic, confortevole e tecnica Queste magliette elegante sono progettati per cavalcare e allenarsi con stile Disponibile in molti colori per abbinarsi all'attrezzatura del tuo cavallo | U24: Jersey tecnico extra-morbido e confortevole Tessuto elasticizzato 4-way stretch Traspirante e ad asciugatura rapida No stiro e di facile manutenzione Composizione: 90% Poliammide, 10% Elastan | V24: Lavare in lavatrice a 30°C Ciclo delicato Stirare a bassa temperatura Stirare al rovescio Non stirare su loghi o stampe Non candeggiare Non asciugare in asciugatrice | AA24: =+IF($C24>0,VLOOKUP($B24,'CSM ACTIVE PRICE LIST'!$A$2:$F$1022,4,FALSE),"") -> 99.9 | AB24: =+IF($C24>0,VLOOKUP($B24,'CSM ACTIVE PRICE LIST'!$A$2:$F$1022,5,FALSE),"") -> 5490 | AC24: =+IF($C24>0,VLOOKUP($B24,'CSM ACTIVE PRICE LIST'!$A$2:$F$1022,6,FALSE),"") -> 114.885 | AD24: =+VLOOKUP(B24,'SKU LIST - LINKED'!C:W,21,FALSE) -> XS;S;M;L;XL | AE24: =+H24&"-"&J24 -> WOMEN-BASE LAYERS | AF24: =+VLOOKUP(B24,'[1]STYLES & SIZE CHARTS'!$A:$H,8,FALSE) -> WT-LSBL1 | AG24: =IF($C24>0,+VLOOKUP(E24,'MASTER CODE DATA'!A$1:B$99,2,FALSE),"") -> R | AH24: =IF(C24>0,+VLOOKUP(F24,'MASTER CODE DATA'!C$1:D$99,2,FALSE),"") -> WMN | AI24: =IF(C24>0,+VLOOKUP(G24,'MASTER CODE DATA'!E$1:F$99,2,FALSE),"") -> TOP | AJ24: =IF(C24>0,+VLOOKUP(H24,'MASTER CODE DATA'!G$1:H$99,2,FALSE),"") -> WN | AK24: =IF(C24>0,+VLOOKUP(I24,'MASTER CODE DATA'!I$1:J$99,2,FALSE),"") -> BLY
B25: ASPEN-STRASS | C25: WOMEN'S LONG SLEEVE BASE LAYER QUARTER ZIP WITH STRASS | D25: =IF(C25>0,+AG25&"."&AI25&AJ25&"_"&AK25,"") -> R.TOPWN_BLY | E25: RIDER | F25: WOMEN | G25: TOPS | H25: WOMEN | I25: BASE LAYERS | J25: BASE LAYERS | K25: =IF(C25>0,C25,"") -> WOMEN'S LONG SLEEVE BASE LAYER QUARTER ZIP WITH STRASS | L25: ASPEN Quarter Zip Base Layer / Second Skin Your favorite base layers now come with a touch of Strass to elavate your elegance and shine. Chic, comfortable and technical These elegant base layers are designed to ride and train in style. Available in many colors to match your horse's gear. | M25: *Extra-soft and comfortable technical jersey * 4-way stretch fabric * Breathable and Quick Dry * Wrinkle-free and Easy Care Composition: 90% Polyamide 10% Elasthane | N25: Machine Wash at 30°C Mild process Iron at low temperature Iron from REVERSE Do NOT iron on logos or prints Do not bleach Do NOT Tumble Dry | O25: STRASS TAŞ DETAYLI KADIN UZUN KOL FERMUARLI T-SHIRT | P25: ASPEN Fermuarlı Uzun Kol Antrenman T-shirt / Second Skin En sevdiğiniz base layerlar, zarafetinizi ve ışıltınızı artırmak için artık Strass taş detayına sahip. Şık, konforlu ve teknik Bu zarif t-shirtler, şık bir şekilde ata binmeniz ve antrenman yapmanız için tasarlanmıştır. Atınızda kullandığınız malzemelerle uyumlu olması için birçok renk seçeneği mevcuttur. | Q25: *Ekstra yumuşak ve rahat teknik örme kumaş * 4 yöne esneyen kumaş * Nefes Alabilir ve Hızlı Kuruma * Kırışmaz ve Bakımı Kolay Kompozisyon: %90 Polyamid %10 Elastan | R25: Makinede 30°C' de Yıkayın Hassas Yıkama Ilık ütü yapın Tersten ütüleyin Logo ve baskıları ÜTÜLEMEYİN Çamaşır suyu kullanmayın Kurutma Makinesinde Kurutmayın | S25: MAGILETTA DONNA MANICA LUNGA QUARTER ZIP CON STRASS | T25: ASPEN Maglietta tecnica a mezza zip / Second Skin I tuoi base layer preferiti ora arrivano con un tocco di strass per elevare la tua eleganza e brillantezza. Chic, confortevole e tecnica Queste magliette elegante sono progettati per cavalcare e allenarsi con stile Disponibile in molti colori per abbinarsi all'attrezzatura del tuo cavallo | U25: Jersey tecnico extra-morbido e confortevole Tessuto elasticizzato 4-way stretch Traspirante e ad asciugatura rapida No stiro e di facile manutenzione Composizione: 90% Poliammide, 10% Elastan | V25: Lavare in lavatrice a 30°C Ciclo delicato Stirare a bassa temperatura Stirare al rovescio Non stirare su loghi o stampe Non candeggiare Non asciugare in asciugatrice | AA25: =+IF($C25>0,VLOOKUP($B25,'CSM ACTIVE PRICE LIST'!$A$2:$F$1022,4,FALSE),"") -> 119.9 | AB25: =+IF($C25>0,VLOOKUP($B25,'CSM ACTIVE PRICE LIST'!$A$2:$F$1022,5,FALSE),"") -> 6590 | AC25: =+IF($C25>0,VLOOKUP($B25,'CSM ACTIVE PRICE LIST'!$A$2:$F$1022,6,FALSE),"") -> 137.885 | AD25: =+VLOOKUP(B25,'SKU LIST - LINKED'!C:W,21,FALSE) -> XS;S;M;L;XL;XXL | AE25: =+H25&"-"&J25 -> WOMEN-BASE LAYERS | AF25: =+VLOOKUP(B25,'[1]STYLES & SIZE CHARTS'!$A:$H,8,FALSE) -> WT-LSBL1 | AG25: =IF($C25>0,+VLOOKUP(E25,'MASTER CODE DATA'!A$1:B$99,2,FALSE),"") -> R | AH25: =IF(C25>0,+VLOOKUP(F25,'MASTER CODE DATA'!C$1:D$99,2,FALSE),"") -> WMN | AI25: =IF(C25>0,+VLOOKUP(G25,'MASTER CODE DATA'!E$1:F$99,2,FALSE),"") -> TOP | AJ25: =IF(C25>0,+VLOOKUP(H25,'MASTER CODE DATA'!G$1:H$99,2,FALSE),"") -> WN | AK25: =IF(C25>0,+VLOOKUP(I25,'MASTER CODE DATA'!I$1:J$99,2,FALSE),"") -> BLY
A26: 2-WINTER NAMES | B26: ASPEN-JR | C26: GIRL'S LONG SLEEVE BASE LAYER QUARTER ZIP | D26: =IF(C26>0,+AG26&"."&AI26&AJ26&"_"&AK26,"") -> R.TOPKG_BLY | E26: RIDER | F26: JUNIOR | G26: TOPS | H26: KIDS GIRL | I26: BASE LAYERS | J26: BASE LAYERS | K26: =IF(C26>0,C26,"") -> GIRL'S LONG SLEEVE BASE LAYER QUARTER ZIP | L26: ASPEN-JR Quarter Zip Base Layer / Second Skin Chic, comfortable and technical These elegant base layers are designed to ride and train in style. Available in many colors to match your horse's gear. | M26: *Extra-soft and comfortable technical jersey * 4-way stretch fabric * Breathable and Quick Dry * Wrinkle-free and Easy Care Composition: 90% Polyamide 10% Elasthane | N26: Machine Wash at 30°C Mild process Iron at low temperature Iron from REVERSE Do NOT iron on logos or prints Do not bleach Do NOT Tumble Dry | O26: KIZ ÇOCUK UZUN KOL FERMUARLI T-SHIRT | P26: ASPEN-JR Genç Biniciler için Fermuarlı Uzun Kol Antrenman T-shirt / Second Skin Şık, konforlu ve teknik Bu zarif t-shirtler, şık bir şekilde ata binmeniz ve antrenman yapmanız için tasarlanmıştır. Atınızda kullandığınız malzemelerle uyumlu olması için birçok renk seçeneği mevcuttur. | Q26: *Ekstra yumuşak ve rahat teknik örme kumaş * 4 yöne esneyen kumaş * Nefes Alabilir ve Hızlı Kuruma * Kırışmaz ve Bakımı Kolay Kompozisyon: %90 Polyamid %10 Elastan | R26: Makinede 30°C' de Yıkayın Hassas Yıkama Ilık ütü yapın Tersten ütüleyin Logo ve baskıları ÜTÜLEMEYİN Çamaşır suyu kullanmayın Kurutma Makinesinde Kurutmayın | S26: MAGLIETTA RAGAZZA MANICA LUNGA QUARTER ZIP | T26: ASPEN-JR Maglietta tecnica a mezza zip / Second Skin Chic, confortevole e tecnica Queste magliette elegante sono progettati per cavalcare e allenarsi con stile Disponibile in molti colori per abbinarsi all'attrezzatura del tuo cavallo | U26: Jersey tecnico extra-morbido e confortevole Tessuto elasticizzato 4-way stretch Traspirante e ad asciugatura rapida No stiro e di facile manutenzione Composizione: 90% Poliammide, 10% Elastan | V26: Lavare in lavatrice a 30°C Ciclo delicato Stirare a bassa temperatura Stirare al rovescio Non stirare su loghi o stampe Non candeggiare Non asciugare in asciugatrice | AA26: =+IF($C26>0,VLOOKUP($B26,'CSM ACTIVE PRICE LIST'!$A$2:$F$1022,4,FALSE),"") -> 69.9 | AB26: =+IF($C26>0,VLOOKUP($B26,'CSM ACTIVE PRICE LIST'!$A$2:$F$1022,5,FALSE),"") -> 3840 | AC26: =+IF($C26>0,VLOOKUP($B26,'CSM ACTIVE PRICE LIST'!$A$2:$F$1022,6,FALSE),"") -> 80.385 | AD26: =+VLOOKUP(B26,'SKU LIST - LINKED'!C:W,21,FALSE) -> 6-7 Y;8-9 Y;10-11 Y;12-13 Y;14-15 Y | AE26: =+H26&"-"&J26 -> KIDS GIRL-BASE LAYERS | AF26: =+VLOOKUP(B26,'[1]STYLES & SIZE CHARTS'!$A:$H,8,FALSE) -> JT-GLSP1 | AG26: =IF($C26>0,+VLOOKUP(E26,'MASTER CODE DATA'!A$1:B$99,2,FALSE),"") -> R | AH26: =IF(C26>0,+VLOOKUP(F26,'MASTER CODE DATA'!C$1:D$99,2,FALSE),"") -> JNR | AI26: =IF(C26>0,+VLOOKUP(G26,'MASTER CODE DATA'!E$1:F$99,2,FALSE),"") -> TOP | AJ26: =IF(C26>0,+VLOOKUP(H26,'MASTER CODE DATA'!G$1:H$99,2,FALSE),"") -> KG | AK26: =IF(C26>0,+VLOOKUP(I26,'MASTER CODE DATA'!I$1:J$99,2,FALSE),"") -> BLY
A27: 2-WINTER NAMES | B27: ATLANTA | C27: MEN'S PUFFER VEST | D27: =IF(C27>0,+AG27&"."&AI27&AJ27&"_"&AK27,"") -> R.OTWMN_PUV | E27: RIDER | F27: MEN | G27: OUTERWEAR | H27: MEN | I27: PUFFER VESTS | J27: PUFFER VESTS | K27: =IF(C27>0,C27,"") -> MEN'S PUFFER VEST | L27: ATLANTA Riding Vest Every rider's must have product in the wardrobe Ideal for transition seasons | M27: *Super-light weight Composition: Shell fabric: 100% Nylon Lining: 100% Nylon Filling: 100% Polyester Non-woven | N27: Machine Wash gently at 30 C Do not dry clean Do not bleach Do not iron Hang dry | O27: ERKEK ŞİŞME YELEK | P27: ATLANTA Binici Yeleği Her binicinin gardrobunda bulunması gereken bir ürün Geçiş mevsimleri için ideal | Q27: *Ultra hafif Kompozisyon: Dış Kumaş: 100% Nylon Astar: 100% Nylon Dolgu: 100% Polyester Elyaf | R27: 30 C derecede hassas Makine yıkama Kuru temizleme yapmayın Çamaşır suyu kullanmayın Ütülemeyin Asarak kurutun | S27: GILET IMBOTTITO DA UOMO | T27: Gilet da equitazione Un prodotto essenziale nel guardaroba di ogni cavaliere Ideale per le mezze stagioni | U27: Super leggero Vestibilita slim per le donne Composizione: Tessuto esterno: 100% Nylon Fodera: 100% Nylon Imbottitura: 100% Poliestere | V27: Lavaggio delicato a 30°C Non lavare a secco Non candeggiare Non stirare Asciugare appeso | AA27: =+IF($C27>0,VLOOKUP($B27,'CSM ACTIVE PRICE LIST'!$A$2:$F$1022,4,FALSE),"") -> 99.9 | AB27: =+IF($C27>0,VLOOKUP($B27,'CSM ACTIVE PRICE LIST'!$A$2:$F$1022,5,FALSE),"") -> 5490 | AC27: =+IF($C27>0,VLOOKUP($B27,'CSM ACTIVE PRICE LIST'!$A$2:$F$1022,6,FALSE),"") -> 114.885 | AD27: =+VLOOKUP(B27,'SKU LIST - LINKED'!C:W,21,FALSE) -> XS;S;M;L;XL;XXL | AE27: =+H27&"-"&J27 -> MEN-PUFFER VESTS | AF27: =+VLOOKUP(B27,'[1]STYLES & SIZE CHARTS'!$A:$H,8,FALSE) -> 0 | AG27: =IF($C27>0,+VLOOKUP(E27,'MASTER CODE DATA'!A$1:B$99,2,FALSE),"") -> R | AH27: =IF(C27>0,+VLOOKUP(F27,'MASTER CODE DATA'!C$1:D$99,2,FALSE),"") -> MEN | AI27: =IF(C27>0,+VLOOKUP(G27,'MASTER CODE DATA'!E$1:F$99,2,FALSE),"") -> OTW | AJ27: =IF(C27>0,+VLOOKUP(H27,'MASTER CODE DATA'!G$1:H$99,2,FALSE),"") -> MN | AK27: =IF(C27>0,+VLOOKUP(I27,'MASTER CODE DATA'!I$1:J$99,2,FALSE),"") -> PUV
B28: ATLANTIS | C28: KID'S UNISEX KNEE GRIP PRO BREECHES | D28: =IF(C28>0,+AG28&"."&AI28&AJ28&"_"&AK28,"") -> R.BOTKU_BRC | E28: RIDER | F28: JUNIOR | G28: BOTTOMS | H28: KIDS UNISEX | I28: BREECHES | J28: BREECHES | K28: =IF(C28>0,C28,"") -> KID'S UNISEX KNEE GRIP PRO BREECHES | L28: MADE IN ITALY WITH PREMIUM ITALIAN FABRICS Professional Series Breeches with Bi-stretch microfibre, antibacterical, waterrepellent and breathable technical jersey fabric. Comfortable side pockets with edge and back pockets with flaps and button. Grip knees applied for the best comfort | M28: *Italian Premium fabric *Extra-soft and comfortable technical jersey *4-way stretch fabric *Breathable and Quick Dry *Wrinkle-free and Easy Care *Knee Grip Composition: 74% Micro PA / 26% Elasthane | N28: Machine Wash at 30°C Mild process Iron at low temperature Iron from REVERSE Do NOT iron on logos or prints Do not bleach Do NOT Tumble Dry | O28: ÇOCUK UNISEX BİNİCİ PANTOLONU | P28: EN İYİ KALİTE İTALYAN KUMAŞLAR İLE İTALYA'DA ÜRETİLMİŞTİR Çift yönlü esneyen mikrofiberden üretilmiş Profesyonel Seri Binici Pantolonu; antibakteriyel, su itici ve nefes alabilir teknik jarse kumaştan yapılmıştır. Dizde grip detayları en iyi rahatlığı sağlar. | Q28: *İtalyan Premium kumaş *Ekstra yumuşak ve konforlu teknik jarse *4 yönlü esneme özelliği *Nefes alabilir ve hızlı kurur *Kırışmaz ve kolay bakım *Diz Grip Bileşimi: %74 Mikro PA / %26 Elastan | R28: Makinede 30°C' de Yıkayın Hassas Yıkama Ilık ütü yapın Tersten ütüleyin Logo ve baskıları ÜTÜLEMEYİN Çamaşır suyu kullanmayın Kurutma Makinesinde Kurutmayın | S28: PANTALONI KNEE GRIP PRO JUNIOR | T28: PRODOTTO IN ITALIA CON TESSUTI ITALIANI DI ALTA QUALITÀ Realizzato in microfibra Sensitive extra comfort idrorepellente e traspirante, accompagna i movimenti senza costrizioni ed è ideale per attività fisiche anche prolungate. Fondo elastico per garantire un’ottima calzata, grip applicato al ginocchio per la massima aderenza e comfort | U28: *Tessuto premium italiano *Jersey tecnico extra morbido e confortevole *Tessuto elasticizzato in 4 direzioni *Traspirante e ad asciugatura rapida *Antipiega e facile da curare *Knee Grip Composizione: 74% Micro PA / 26% Elastan | V28: Lavare in lavatrice a 30°C Ciclo delicato Stirare a bassa temperatura Stirare al rovescio Non stirare su loghi o stampe Non candeggiare Non asciugare in asciugatrice | AA28: =+IF($C28>0,VLOOKUP($B28,'CSM ACTIVE PRICE LIST'!$A$2:$F$1022,4,FALSE),"") -> 159.9 | AB28: =+IF($C28>0,VLOOKUP($B28,'CSM ACTIVE PRICE LIST'!$A$2:$F$1022,5,FALSE),"") -> 8790 | AC28: =+IF($C28>0,VLOOKUP($B28,'CSM ACTIVE PRICE LIST'!$A$2:$F$1022,6,FALSE),"") -> 183.885 | AD28: =+VLOOKUP(B28,'SKU LIST - LINKED'!C:W,21,FALSE) -> 6-7 Y;8-9 Y;10-11 Y;12-13 Y;14-15 Y | AE28: =+H28&"-"&J28 -> KIDS UNISEX-BREECHES | AF28: =+VLOOKUP(B28,'[1]STYLES & SIZE CHARTS'!$A:$H,8,FALSE) -> JB-UB1 | AG28: =IF($C28>0,+VLOOKUP(E28,'MASTER CODE DATA'!A$1:B$99,2,FALSE),"") -> R | AH28: =IF(C28>0,+VLOOKUP(F28,'MASTER CODE DATA'!C$1:D$99,2,FALSE),"") -> JNR | AI28: =IF(C28>0,+VLOOKUP(G28,'MASTER CODE DATA'!E$1:F$99,2,FALSE),"") -> BOT | AJ28: =IF(C28>0,+VLOOKUP(H28,'MASTER CODE DATA'!G$1:H$99,2,FALSE),"") -> KU | AK28: =IF(C28>0,+VLOOKUP(I28,'MASTER CODE DATA'!I$1:J$99,2,FALSE),"") -> BRC
B29: ATLANTIS-W | C29: KID'S UNISEX KNEE GRIP PRO WINTER BREECHES | D29: =IF(C29>0,+AG29&"."&AI29&AJ29&"_"&AK29,"") -> R.BOTKU_BRC | E29: RIDER | F29: JUNIOR | G29: BOTTOMS | H29: KIDS UNISEX | I29: BREECHES | J29: BREECHES | K29: =IF(C29>0,C29,"") -> KID'S UNISEX KNEE GRIP PRO WINTER BREECHES | L29: MADE IN ITALY WITH PREMIUM ITALIAN FABRICS Professional Series Winter Breeches with Bi-stretch microfibre, antibacterical, waterrepellent and breathable technical jersey fabric on the surface and a heat tech polar fabric on the inside to keep you warm during cold weather conditions and provide full movement whatever your discipline . Comfortable side pockets with edge and back pockets with flaps and button. Grip knees applied for the best comfort | M29: *Italian Premium fabric *Extra-soft and comfortable technical jersey with heat tech polar fabric inside *4-way stretch fabric *Breathable and Quick Dry *Wrinkle-free and Easy Care *Knee Grip Composition: 74% Micro PA / 26% Elasthane | N29: Machine Wash at 30°C Mild process Iron at low temperature Iron from REVERSE Do NOT iron on logos or prints Do not bleach Do NOT Tumble Dry | O29: KIŞLIK ÇOCUK UNISEX BİNİCİ PANTOLONU | P29: EN İYİ KALİTE İTALYAN KUMAŞLAR İLE İTALYA'DA ÜRETİLMİŞTİR Çift yönlü esneyen mikrofiberden üretilmiş Profesyonel Seri Binici Pantolonu; dış yüzeyde antibakteriyel, su itici ve nefes alabilir teknik jarse kumaştan ve iç kısmında ısı tutan polar kumaştan yapılmıştır. Soğuk hava şartlarında kullanmak için idealdir. Dizde grip detayları en iyi rahatlığı sağlar. | Q29: *İtalyan Premium kumaş *Dışı ekstra yumuşak ve konforlu teknik jarse, içi ısı tutan polar kumaş *4 yönlü esneme özelliği *Nefes alabilir ve hızlı kurur *Kırışmaz ve kolay bakım *Diz Grip Bileşimi: %74 Mikro PA / %26 Elastan | R29: Makinede 30°C' de Yıkayın Hassas Yıkama Ilık ütü yapın Tersten ütüleyin Logo ve baskıları ÜTÜLEMEYİN Çamaşır suyu kullanmayın Kurutma Makinesinde Kurutmayın | S29: PANTALONI INVERNALI KNEE GRIP PRO JUNIOR | T29: PRODOTTO IN ITALIA CON TESSUTI ITALIANI DI ALTA QUALITÀ Realizzato in faccia con tessuto microfibra Sensitive extra comfort idrorepellente e traspirante, e dentro con felpa heat tech per tenervi caldo nei ambienti molto freddi. Ideale per attività fisiche anche prolungate. Fondo elastico per garantire un’ottima calzata, grip applicato al ginocchio per la massima aderenza e comfort | U29: *Tessuto premium italiano *Jersey tecnico extra morbido e confortevole con felpa heat tech dentro *Tessuto elasticizzato in 4 direzioni *Traspirante e ad asciugatura rapida *Antipiega e facile da curare *Knee Grip Composizione: 74% Micro PA / 26% Elastan | V29: Lavare in lavatrice a 30°C Ciclo delicato Stirare a bassa temperatura Stirare al rovescio Non stirare su loghi o stampe Non candeggiare Non asciugare in asciugatrice | AA29: =+IF($C29>0,VLOOKUP($B29,'CSM ACTIVE PRICE LIST'!$A$2:$F$1022,4,FALSE),"") -> 169.9 | AB29: =+IF($C29>0,VLOOKUP($B29,'CSM ACTIVE PRICE LIST'!$A$2:$F$1022,5,FALSE),"") -> 9340 | AC29: =+IF($C29>0,VLOOKUP($B29,'CSM ACTIVE PRICE LIST'!$A$2:$F$1022,6,FALSE),"") -> 195.385 | AD29: =+VLOOKUP(B29,'SKU LIST - LINKED'!C:W,21,FALSE) -> 6-7 Y;8-9 Y;10-11 Y;12-13 Y;14-15 Y | AE29: =+H29&"-"&J29 -> KIDS UNISEX-BREECHES | AF29: =+VLOOKUP(B29,'[1]STYLES & SIZE CHARTS'!$A:$H,8,FALSE) -> JB-UB1 | AG29: =IF($C29>0,+VLOOKUP(E29,'MASTER CODE DATA'!A$1:B$99,2,FALSE),"") -> R | AH29: =IF(C29>0,+VLOOKUP(F29,'MASTER CODE DATA'!C$1:D$99,2,FALSE),"") -> JNR | AI29: =IF(C29>0,+VLOOKUP(G29,'MASTER CODE DATA'!E$1:F$99,2,FALSE),"") -> BOT | AJ29: =IF(C29>0,+VLOOKUP(H29,'MASTER CODE DATA'!G$1:H$99,2,FALSE),"") -> KU | AK29: =IF(C29>0,+VLOOKUP(I29,'MASTER CODE DATA'!I$1:J$99,2,FALSE),"") -> BRC
A30: 5-COMPETITION NAMES | B30: AUGUSTA | D30: =IF(C30>0,+AG30&"."&AI30&AJ30&"_"&AK30,"") | J30: 0 | K30: =IF(C30>0,C30,"") | AA30: =+IF($C30>0,VLOOKUP($B30,'CSM ACTIVE PRICE LIST'!$A$2:$F$1022,4,FALSE),"") | AB30: =+IF($C30>0,VLOOKUP($B30,'CSM ACTIVE PRICE LIST'!$A$2:$F$1022,5,FALSE),"") | AC30: =+IF($C30>0,VLOOKUP($B30,'CSM ACTIVE PRICE LIST'!$A$2:$F$1022,6,FALSE),"") | AE30: =+H30&J30 -> 0 | AG30: =IF($C30>0,+VLOOKUP(E30,'MASTER CODE DATA'!A$1:B$99,2,FALSE),"") | AH30: =IF(C30>0,+VLOOKUP(F30,'MASTER CODE DATA'!C$1:D$99,2,FALSE),"") | AI30: =IF(C30>0,+VLOOKUP(G30,'MASTER CODE DATA'!E$1:F$99,2,FALSE),"") | AJ30: =IF(C30>0,+VLOOKUP(H30,'MASTER CODE DATA'!G$1:H$99,2,FALSE),"") | AK30: =IF(C30>0,+VLOOKUP(I30,'MASTER CODE DATA'!I$1:J$99,2,FALSE),"")
A31: 5-COMPETITION NAMES | B31: AUSTIN | D31: =IF(C31>0,+AG31&"."&AI31&AJ31&"_"&AK31,"") | J31: 0 | K31: =IF(C31>0,C31,"") | AA31: =+IF($C31>0,VLOOKUP($B31,'CSM ACTIVE PRICE LIST'!$A$2:$F$1022,4,FALSE),"") | AB31: =+IF($C31>0,VLOOKUP($B31,'CSM ACTIVE PRICE LIST'!$A$2:$F$1022,5,FALSE),"") | AC31: =+IF($C31>0,VLOOKUP($B31,'CSM ACTIVE PRICE LIST'!$A$2:$F$1022,6,FALSE),"") | AE31: =+H31&J31 -> 0 | AG31: =IF($C31>0,+VLOOKUP(E31,'MASTER CODE DATA'!A$1:B$99,2,FALSE),"") | AH31: =IF(C31>0,+VLOOKUP(F31,'MASTER CODE DATA'!C$1:D$99,2,FALSE),"") | AI31: =IF(C31>0,+VLOOKUP(G31,'MASTER CODE DATA'!E$1:F$99,2,FALSE),"") | AJ31: =IF(C31>0,+VLOOKUP(H31,'MASTER CODE DATA'!G$1:H$99,2,FALSE),"") | AK31: =IF(C31>0,+VLOOKUP(I31,'MASTER CODE DATA'!I$1:J$99,2,FALSE),"")
A32: 4-GENERAL USE NAMES | B32: AUSTRALIA | D32: =IF(C32>0,+AG32&"."&AI32&AJ32&"_"&AK32,"") | J32: 0 | K32: =IF(C32>0,C32,"") | AA32: =+IF($C32>0,VLOOKUP($B32,'CSM ACTIVE PRICE LIST'!$A$2:$F$1022,4,FALSE),"") | AB32: =+IF($C32>0,VLOOKUP($B32,'CSM ACTIVE PRICE LIST'!$A$2:$F$1022,5,FALSE),"") | AC32: =+IF($C32>0,VLOOKUP($B32,'CSM ACTIVE PRICE LIST'!$A$2:$F$1022,6,FALSE),"") | AE32: =+H32&J32 -> 0 | AG32: =IF($C32>0,+VLOOKUP(E32,'MASTER CODE DATA'!A$1:B$99,2,FALSE),"") | AH32: =IF(C32>0,+VLOOKUP(F32,'MASTER CODE DATA'!C$1:D$99,2,FALSE),"") | AI32: =IF(C32>0,+VLOOKUP(G32,'MASTER CODE DATA'!E$1:F$99,2,FALSE),"") | AJ32: =IF(C32>0,+VLOOKUP(H32,'MASTER CODE DATA'!G$1:H$99,2,FALSE),"") | AK32: =IF(C32>0,+VLOOKUP(I32,'MASTER CODE DATA'!I$1:J$99,2,FALSE),"")
A33: 4-GENERAL USE NAMES | B33: AUSTRIA | D33: =IF(C33>0,+AG33&"."&AI33&AJ33&"_"&AK33,"") | J33: 0 | K33: =IF(C33>0,C33,"") | AA33: =+IF($C33>0,VLOOKUP($B33,'CSM ACTIVE PRICE LIST'!$A$2:$F$1022,4,FALSE),"") | AB33: =+IF($C33>0,VLOOKUP($B33,'CSM ACTIVE PRICE LIST'!$A$2:$F$1022,5,FALSE),"") | AC33: =+IF($C33>0,VLOOKUP($B33,'CSM ACTIVE PRICE LIST'!$A$2:$F$1022,6,FALSE),"") | AE33: =+H33&J33 -> 0 | AG33: =IF($C33>0,+VLOOKUP(E33,'MASTER CODE DATA'!A$1:B$99,2,FALSE),"") | AH33: =IF(C33>0,+VLOOKUP(F33,'MASTER CODE DATA'!C$1:D$99,2,FALSE),"") | AI33: =IF(C33>0,+VLOOKUP(G33,'MASTER CODE DATA'!E$1:F$99,2,FALSE),"") | AJ33: =IF(C33>0,+VLOOKUP(H33,'MASTER CODE DATA'!G$1:H$99,2,FALSE),"") | AK33: =IF(C33>0,+VLOOKUP(I33,'MASTER CODE DATA'!I$1:J$99,2,FALSE),"")
A34: 5-COMPETITION NAMES | B34: BADMINTON | D34: =IF(C34>0,+AG34&"."&AI34&AJ34&"_"&AK34,"") | J34: 0 | K34: =IF(C34>0,C34,"") | AA34: =+IF($C34>0,VLOOKUP($B34,'CSM ACTIVE PRICE LIST'!$A$2:$F$1022,4,FALSE),"") | AB34: =+IF($C34>0,VLOOKUP($B34,'CSM ACTIVE PRICE LIST'!$A$2:$F$1022,5,FALSE),"") | AC34: =+IF($C34>0,VLOOKUP($B34,'CSM ACTIVE PRICE LIST'!$A$2:$F$1022,6,FALSE),"") | AE34: =+H34&J34 -> 0 | AG34: =IF($C34>0,+VLOOKUP(E34,'MASTER CODE DATA'!A$1:B$99,2,FALSE),"") | AH34: =IF(C34>0,+VLOOKUP(F34,'MASTER CODE DATA'!C$1:D$99,2,FALSE),"") | AI34: =IF(C34>0,+VLOOKUP(G34,'MASTER CODE DATA'!E$1:F$99,2,FALSE),"") | AJ34: =IF(C34>0,+VLOOKUP(H34,'MASTER CODE DATA'!G$1:H$99,2,FALSE),"") | AK34: =IF(C34>0,+VLOOKUP(I34,'MASTER CODE DATA'!I$1:J$99,2,FALSE),"")
A35: 3-SUMMER NAMES | B35: BALI | D35: =IF(C35>0,+AG35&"."&AI35&AJ35&"_"&AK35,"") | J35: 0 | K35: =IF(C35>0,C35,"") | AA35: =+IF($C35>0,VLOOKUP($B35,'CSM ACTIVE PRICE LIST'!$A$2:$F$1022,4,FALSE),"") | AB35: =+IF($C35>0,VLOOKUP($B35,'CSM ACTIVE PRICE LIST'!$A$2:$F$1022,5,FALSE),"") | AC35: =+IF($C35>0,VLOOKUP($B35,'CSM ACTIVE PRICE LIST'!$A$2:$F$1022,6,FALSE),"") | AE35: =+H35&J35 -> 0 | AG35: =IF($C35>0,+VLOOKUP(E35,'MASTER CODE DATA'!A$1:B$99,2,FALSE),"") | AH35: =IF(C35>0,+VLOOKUP(F35,'MASTER CODE DATA'!C$1:D$99,2,FALSE),"") | AI35: =IF(C35>0,+VLOOKUP(G35,'MASTER CODE DATA'!E$1:F$99,2,FALSE),"") | AJ35: =IF(C35>0,+VLOOKUP(H35,'MASTER CODE DATA'!G$1:H$99,2,FALSE),"") | AK35: =IF(C35>0,+VLOOKUP(I35,'MASTER CODE DATA'!I$1:J$99,2,FALSE),"")
A36: 9-ELEGANT, ELITE NAMES | B36: BALMORAL | D36: =IF(C36>0,+AG36&"."&AI36&AJ36&"_"&AK36,"") | J36: 0 | K36: =IF(C36>0,C36,"") | AA36: =+IF($C36>0,VLOOKUP($B36,'CSM ACTIVE PRICE LIST'!$A$2:$F$1022,4,FALSE),"") | AB36: =+IF($C36>0,VLOOKUP($B36,'CSM ACTIVE PRICE LIST'!$A$2:$F$1022,5,FALSE),"") | AC36: =+IF($C36>0,VLOOKUP($B36,'CSM ACTIVE PRICE LIST'!$A$2:$F$1022,6,FALSE),"") | AE36: =+H36&J36 -> 0 | AG36: =IF($C36>0,+VLOOKUP(E36,'MASTER CODE DATA'!A$1:B$99,2,FALSE),"") | AH36: =IF(C36>0,+VLOOKUP(F36,'MASTER CODE DATA'!C$1:D$99,2,FALSE),"") | AI36: =IF(C36>0,+VLOOKUP(G36,'MASTER CODE DATA'!E$1:F$99,2,FALSE),"") | AJ36: =IF(C36>0,+VLOOKUP(H36,'MASTER CODE DATA'!G$1:H$99,2,FALSE),"") | AK36: =IF(C36>0,+VLOOKUP(I36,'MASTER CODE DATA'!I$1:J$99,2,FALSE),"")
A37: 4-GENERAL USE NAMES | B37: BALTIMORE | D37: =IF(C37>0,+AG37&"."&AI37&AJ37&"_"&AK37,"") | J37: 0 | K37: =IF(C37>0,C37,"") | AA37: =+IF($C37>0,VLOOKUP($B37,'CSM ACTIVE PRICE LIST'!$A$2:$F$1022,4,FALSE),"") | AB37: =+IF($C37>0,VLOOKUP($B37,'CSM ACTIVE PRICE LIST'!$A$2:$F$1022,5,FALSE),"") | AC37: =+IF($C37>0,VLOOKUP($B37,'CSM ACTIVE PRICE LIST'!$A$2:$F$1022,6,FALSE),"") | AE37: =+H37&J37 -> 0 | AG37: =IF($C37>0,+VLOOKUP(E37,'MASTER CODE DATA'!A$1:B$99,2,FALSE),"") | AH37: =IF(C37>0,+VLOOKUP(F37,'MASTER CODE DATA'!C$1:D$99,2,FALSE),"") | AI37: =IF(C37>0,+VLOOKUP(G37,'MASTER CODE DATA'!E$1:F$99,2,FALSE),"") | AJ37: =IF(C37>0,+VLOOKUP(H37,'MASTER CODE DATA'!G$1:H$99,2,FALSE),"") | AK37: =IF(C37>0,+VLOOKUP(I37,'MASTER CODE DATA'!I$1:J$99,2,FALSE),"")
B38: BANDANA | C38: HEADBAND | D38: =IF(C38>0,+AG38&"."&AI38&AJ38&"_"&AK38,"") -> A.RACWN_HRB | E38: ACCESSORIES | F38: ACCESSORIES | G38: RIDER ACCESSORIES | H38: WOMEN | I38: HAIR BANDS | K38: HEADBAND | L38: The BANDANA headband is designed for riders. Simple, yet effective… It will keep your hair in order and thanks to its light polar inside lining, it will keep you also warm. Suitable for wearing under helmets. | M38: 100% Technical Polyestre Light polar lining on the inside | N38: Machine wash warm Do not tumble dry | O38: BANDANA | P38: SanMarco BANDANA, biniciler için tasarlanmıştır. Basit ama kullanışlı bu bandana ile saçlarınızı düzenli tutarken, ince polar astarı sayesinde kulaklarınızı da sıcak tutabilirsiniz. Tog altı kullanım için uygundur. | Q38: %100 Teknik Polyester İnce polar astar | R38: Ilık su ile makinada yıkayabilirsiniz. Kurutucu kullanmayın | S38: BANDANA | T38: La fascia BANDANA è progettata per i cavalieri. Semplice, ma efficace… Mantiene i capelli in ordine e, grazie alla sua leggera fodera interna in pile, ti mantiene anche al caldo. Adatta per essere indossata sotto il casco | U38: 100% Poliestre Tecnico Fodera in pile leggera | V38: Lavare in lavatrice a 30°C Ciclo delicato Non asciugare in asciugatrice | AA38: =+IF($C38>0,VLOOKUP($B38,'CSM ACTIVE PRICE LIST'!$A$2:$F$1022,4,FALSE),"") -> 12.9 | AB38: =+IF($C38>0,VLOOKUP($B38,'CSM ACTIVE PRICE LIST'!$A$2:$F$1022,5,FALSE),"") -> 700 | AC38: =+IF($C38>0,VLOOKUP($B38,'CSM ACTIVE PRICE LIST'!$A$2:$F$1022,6,FALSE),"") -> 14.835 | AD38: =+VLOOKUP(B38,'SKU LIST - LINKED'!C:W,21,FALSE) -> STD | AE38: =+H38&"-"&J38 -> WOMEN- | AF38: =+VLOOKUP(B38,'[1]STYLES & SIZE CHARTS'!$A:$H,8,FALSE) -> 0 | AG38: =IF($C38>0,+VLOOKUP(E38,'MASTER CODE DATA'!A$1:B$99,2,FALSE),"") -> A | AH38: =IF(C38>0,+VLOOKUP(F38,'MASTER CODE DATA'!C$1:D$99,2,FALSE),"") -> ACS | AI38: =IF(C38>0,+VLOOKUP(G38,'MASTER CODE DATA'!E$1:F$99,2,FALSE),"") -> RAC | AJ38: =IF(C38>0,+VLOOKUP(H38,'MASTER CODE DATA'!G$1:H$99,2,FALSE),"") -> WN | AK38: =IF(C38>0,+VLOOKUP(I38,'MASTER CODE DATA'!I$1:J$99,2,FALSE),"") -> HRB
A39: 4-GENERAL USE NAMES | B39: BARBADOS | D39: =IF(C39>0,+AG39&"."&AI39&AJ39&"_"&AK39,"") | J39: 0 | K39: =IF(C39>0,C39,"") | AA39: =+IF($C39>0,VLOOKUP($B39,'CSM ACTIVE PRICE LIST'!$A$2:$F$1022,4,FALSE),"") | AB39: =+IF($C39>0,VLOOKUP($B39,'CSM ACTIVE PRICE LIST'!$A$2:$F$1022,5,FALSE),"") | AC39: =+IF($C39>0,VLOOKUP($B39,'CSM ACTIVE PRICE LIST'!$A$2:$F$1022,6,FALSE),"") | AD39: FULL HORSE (S-XL) | AE39: =+H39&J39 -> 0 | AF39: =+VLOOKUP(B39,'[1]STYLES & SIZE CHARTS'!$A:$H,8,FALSE) -> #N/A | AG39: =IF($C39>0,+VLOOKUP(E39,'MASTER CODE DATA'!A$1:B$99,2,FALSE),"") | AH39: =IF(C39>0,+VLOOKUP(F39,'MASTER CODE DATA'!C$1:D$99,2,FALSE),"") | AI39: =IF(C39>0,+VLOOKUP(G39,'MASTER CODE DATA'!E$1:F$99,2,FALSE),"") | AJ39: =IF(C39>0,+VLOOKUP(H39,'MASTER CODE DATA'!G$1:H$99,2,FALSE),"") | AK39: =IF(C39>0,+VLOOKUP(I39,'MASTER CODE DATA'!I$1:J$99,2,FALSE),"")
A40: 1-TOP NAMES | B40: BARCELONA | D40: =IF(C40>0,+AG40&"."&AI40&AJ40&"_"&AK40,"") | J40: 0 | K40: =IF(C40>0,C40,"") | AA40: =+IF($C40>0,VLOOKUP($B40,'CSM ACTIVE PRICE LIST'!$A$2:$F$1022,4,FALSE),"") | AB40: =+IF($C40>0,VLOOKUP($B40,'CSM ACTIVE PRICE LIST'!$A$2:$F$1022,5,FALSE),"") | AC40: =+IF($C40>0,VLOOKUP($B40,'CSM ACTIVE PRICE LIST'!$A$2:$F$1022,6,FALSE),"") | AD40: FULL HORSE (S-XL) | AE40: =+H40&J40 -> 0 | AF40: =+VLOOKUP(B40,'[1]STYLES & SIZE CHARTS'!$A:$H,8,FALSE) -> #N/A | AG40: =IF($C40>0,+VLOOKUP(E40,'MASTER CODE DATA'!A$1:B$99,2,FALSE),"") | AH40: =IF(C40>0,+VLOOKUP(F40,'MASTER CODE DATA'!C$1:D$99,2,FALSE),"") | AI40: =IF(C40>0,+VLOOKUP(G40,'MASTER CODE DATA'!E$1:F$99,2,FALSE),"") | AJ40: =IF(C40>0,+VLOOKUP(H40,'MASTER CODE DATA'!G$1:H$99,2,FALSE),"") | AK40: =IF(C40>0,+VLOOKUP(I40,'MASTER CODE DATA'!I$1:J$99,2,FALSE),"")
A41: 4-GENERAL USE NAMES | B41: BARI | D41: =IF(C41>0,+AG41&"."&AI41&AJ41&"_"&AK41,"") | J41: 0 | K41: =IF(C41>0,C41,"") | AA41: =+IF($C41>0,VLOOKUP($B41,'CSM ACTIVE PRICE LIST'!$A$2:$F$1022,4,FALSE),"") | AB41: =+IF($C41>0,VLOOKUP($B41,'CSM ACTIVE PRICE LIST'!$A$2:$F$1022,5,FALSE),"") | AC41: =+IF($C41>0,VLOOKUP($B41,'CSM ACTIVE PRICE LIST'!$A$2:$F$1022,6,FALSE),"") | AD41: FULL HORSE (S-XL) | AE41: =+H41&J41 -> 0 | AF41: =+VLOOKUP(B41,'[1]STYLES & SIZE CHARTS'!$A:$H,8,FALSE) -> #N/A | AG41: =IF($C41>0,+VLOOKUP(E41,'MASTER CODE DATA'!A$1:B$99,2,FALSE),"") | AH41: =IF(C41>0,+VLOOKUP(F41,'MASTER CODE DATA'!C$1:D$99,2,FALSE),"") | AI41: =IF(C41>0,+VLOOKUP(G41,'MASTER CODE DATA'!E$1:F$99,2,FALSE),"") | AJ41: =IF(C41>0,+VLOOKUP(H41,'MASTER CODE DATA'!G$1:H$99,2,FALSE),"") | AK41: =IF(C41>0,+VLOOKUP(I41,'MASTER CODE DATA'!I$1:J$99,2,FALSE),"")
A42: 6-ERKEK İÇİN UYGUN İSİMLER | B42: BASEL | D42: =IF(C42>0,+AG42&"."&AI42&AJ42&"_"&AK42,"") | J42: 0 | K42: =IF(C42>0,C42,"") | AA42: =+IF($C42>0,VLOOKUP($B42,'CSM ACTIVE PRICE LIST'!$A$2:$F$1022,4,FALSE),"") | AB42: =+IF($C42>0,VLOOKUP($B42,'CSM ACTIVE PRICE LIST'!$A$2:$F$1022,5,FALSE),"") | AC42: =+IF($C42>0,VLOOKUP($B42,'CSM ACTIVE PRICE LIST'!$A$2:$F$1022,6,FALSE),"") | AD42: FULL HORSE (S-XL) | AE42: =+H42&J42 -> 0 | AF42: =+VLOOKUP(B42,'[1]STYLES & SIZE CHARTS'!$A:$H,8,FALSE) -> #N/A | AG42: =IF($C42>0,+VLOOKUP(E42,'MASTER CODE DATA'!A$1:B$99,2,FALSE),"") | AH42: =IF(C42>0,+VLOOKUP(F42,'MASTER CODE DATA'!C$1:D$99,2,FALSE),"") | AI42: =IF(C42>0,+VLOOKUP(G42,'MASTER CODE DATA'!E$1:F$99,2,FALSE),"") | AJ42: =IF(C42>0,+VLOOKUP(H42,'MASTER CODE DATA'!G$1:H$99,2,FALSE),"") | AK42: =IF(C42>0,+VLOOKUP(I42,'MASTER CODE DATA'!I$1:J$99,2,FALSE),"")
A43: 9-ELEGANT, ELITE NAMES | B43: BELFAST | D43: =IF(C43>0,+AG43&"."&AI43&AJ43&"_"&AK43,"") | J43: 0 | K43: =IF(C43>0,C43,"") | AA43: =+IF($C43>0,VLOOKUP($B43,'CSM ACTIVE PRICE LIST'!$A$2:$F$1022,4,FALSE),"") | AB43: =+IF($C43>0,VLOOKUP($B43,'CSM ACTIVE PRICE LIST'!$A$2:$F$1022,5,FALSE),"") | AC43: =+IF($C43>0,VLOOKUP($B43,'CSM ACTIVE PRICE LIST'!$A$2:$F$1022,6,FALSE),"") | AD43: FULL HORSE (S-XL) | AE43: =+H43&J43 -> 0 | AF43: =+VLOOKUP(B43,'[1]STYLES & SIZE CHARTS'!$A:$H,8,FALSE) -> #N/A | AG43: =IF($C43>0,+VLOOKUP(E43,'MASTER CODE DATA'!A$1:B$99,2,FALSE),"") | AH43: =IF(C43>0,+VLOOKUP(F43,'MASTER CODE DATA'!C$1:D$99,2,FALSE),"") | AI43: =IF(C43>0,+VLOOKUP(G43,'MASTER CODE DATA'!E$1:F$99,2,FALSE),"") | AJ43: =IF(C43>0,+VLOOKUP(H43,'MASTER CODE DATA'!G$1:H$99,2,FALSE),"") | AK43: =IF(C43>0,+VLOOKUP(I43,'MASTER CODE DATA'!I$1:J$99,2,FALSE),"")
A44: 8-LUXURY NAMES | B44: BELGRADE | D44: =IF(C44>0,+AG44&"."&AI44&AJ44&"_"&AK44,"") | J44: 0 | K44: =IF(C44>0,C44,"") | AA44: =+IF($C44>0,VLOOKUP($B44,'CSM ACTIVE PRICE LIST'!$A$2:$F$1022,4,FALSE),"") | AB44: =+IF($C44>0,VLOOKUP($B44,'CSM ACTIVE PRICE LIST'!$A$2:$F$1022,5,FALSE),"") | AC44: =+IF($C44>0,VLOOKUP($B44,'CSM ACTIVE PRICE LIST'!$A$2:$F$1022,6,FALSE),"") | AD44: FULL HORSE (S-XL) | AE44: =+H44&J44 -> 0 | AF44: =+VLOOKUP(B44,'[1]STYLES & SIZE CHARTS'!$A:$H,8,FALSE) -> #N/A | AG44: =IF($C44>0,+VLOOKUP(E44,'MASTER CODE DATA'!A$1:B$99,2,FALSE),"") | AH44: =IF(C44>0,+VLOOKUP(F44,'MASTER CODE DATA'!C$1:D$99,2,FALSE),"") | AI44: =IF(C44>0,+VLOOKUP(G44,'MASTER CODE DATA'!E$1:F$99,2,FALSE),"") | AJ44: =IF(C44>0,+VLOOKUP(H44,'MASTER CODE DATA'!G$1:H$99,2,FALSE),"") | AK44: =IF(C44>0,+VLOOKUP(I44,'MASTER CODE DATA'!I$1:J$99,2,FALSE),"")
A45: 7-KADIN İÇİN UYGUN İSİMLER | B45: BELIZE | D45: =IF(C45>0,+AG45&"."&AI45&AJ45&"_"&AK45,"") | J45: 0 | K45: =IF(C45>0,C45,"") | AA45: =+IF($C45>0,VLOOKUP($B45,'CSM ACTIVE PRICE LIST'!$A$2:$F$1022,4,FALSE),"") | AB45: =+IF($C45>0,VLOOKUP($B45,'CSM ACTIVE PRICE LIST'!$A$2:$F$1022,5,FALSE),"") | AC45: =+IF($C45>0,VLOOKUP($B45,'CSM ACTIVE PRICE LIST'!$A$2:$F$1022,6,FALSE),"") | AD45: FULL HORSE (S-XL) | AE45: =+H45&J45 -> 0 | AF45: =+VLOOKUP(B45,'[1]STYLES & SIZE CHARTS'!$A:$H,8,FALSE) -> #N/A | AG45: =IF($C45>0,+VLOOKUP(E45,'MASTER CODE DATA'!A$1:B$99,2,FALSE),"") | AH45: =IF(C45>0,+VLOOKUP(F45,'MASTER CODE DATA'!C$1:D$99,2,FALSE),"") | AI45: =IF(C45>0,+VLOOKUP(G45,'MASTER CODE DATA'!E$1:F$99,2,FALSE),"") | AJ45: =IF(C45>0,+VLOOKUP(H45,'MASTER CODE DATA'!G$1:H$99,2,FALSE),"") | AK45: =IF(C45>0,+VLOOKUP(I45,'MASTER CODE DATA'!I$1:J$99,2,FALSE),"")
A46: 7-KADIN İÇİN UYGUN İSİMLER | B46: BELLA | C46: WOMEN'S TECH T-SHIRT | D46: =IF(C46>0,+AG46&"."&AI46&AJ46&"_"&AK46,"") -> R.TOPWN_TTS | E46: RIDER | F46: WOMEN | G46: TOPS | H46: WOMEN | I46: TECH T-SHIRTS | J46: TECH T-SHIRTS | K46: =IF(C46>0,C46,"") -> WOMEN'S TECH T-SHIRT | L46: Women's Short Sleeve Technical T-shirt One of our staff's favorites! These tech t-shirts are very chic and so comfortable to wear | M46: *Extra-soft and comfortable technical jersey * 4-way stretch fabric * Breathable and Quick Dry * Wrinkle-free and Easy Care Composition: 95% Polyamide 5% Elasthane | N46: Machine Wash at 30°C Mild process Iron at low temperature Iron from REVERSE Do NOT iron on logos or prints Do not bleach Do NOT Tumble Dry | O46: KADIN TECH T-SHIRT | P46: Kadın Kısa Kol Teknik T-shirt Ekibin favorilerinden! Bu teknik t-shirtler çok şık olmakla birlikte çok da rahatlar | Q46: *Ekstra yumuşak ve rahat teknik örme kumaş * 4 yöne esneyen kumaş * Nefes Alabilir ve Hızlı Kuruma * Kırışmaz ve Bakımı Kolay Kompozisyon: %95 Polyamid %5 Elastan | R46: Makinede 30°C' de Yıkayın Hassas Yıkama Ilık ütü yapın Tersten ütüleyin Logo ve baskıları ÜTÜLEMEYİN Çamaşır suyu kullanmayın Kurutma Makinesinde Kurutmayın | S46: T-SHIRT TECNICA DA DONNA | T46: T-shirt tecnica a maniche corte da donna Uno dei nostri prodotti preferiti! Queste magliette tecniche sono molto eleganti e confortevoli da indossare. | U46: Jersey tecnico extra-morbido e confortevole Tessuto elasticizzato 4-way stretch Traspirante e ad asciugatura rapida No stiro e di facile manutenzione Composizione: 95% Poliammide, 5% Elastan | V46: Lavare in lavatrice a 30°C Ciclo delicato Stirare a bassa temperatura Stirare al rovescio Non stirare su loghi o stampe Non candeggiare Non asciugare in asciugatrice | AA46: =+IF($C46>0,VLOOKUP($B46,'CSM ACTIVE PRICE LIST'!$A$2:$F$1022,4,FALSE),"") -> 69.9 | AB46: =+IF($C46>0,VLOOKUP($B46,'CSM ACTIVE PRICE LIST'!$A$2:$F$1022,5,FALSE),"") -> 3840 | AC46: =+IF($C46>0,VLOOKUP($B46,'CSM ACTIVE PRICE LIST'!$A$2:$F$1022,6,FALSE),"") -> 80.385 | AD46: =+VLOOKUP(B46,'SKU LIST - LINKED'!C:W,21,FALSE) -> XS;S;M;L;XL;XXS | AE46: =+H46&"-"&J46 -> WOMEN-TECH T-SHIRTS | AF46: =+VLOOKUP(B46,'[1]STYLES & SIZE CHARTS'!$A:$H,8,FALSE) -> WT-BTTS1 | AG46: =IF($C46>0,+VLOOKUP(E46,'MASTER CODE DATA'!A$1:B$99,2,FALSE),"") -> R | AH46: =IF(C46>0,+VLOOKUP(F46,'MASTER CODE DATA'!C$1:D$99,2,FALSE),"") -> WMN | AI46: =IF(C46>0,+VLOOKUP(G46,'MASTER CODE DATA'!E$1:F$99,2,FALSE),"") -> TOP | AJ46: =IF(C46>0,+VLOOKUP(H46,'MASTER CODE DATA'!G$1:H$99,2,FALSE),"") -> WN | AK46: =IF(C46>0,+VLOOKUP(I46,'MASTER CODE DATA'!I$1:J$99,2,FALSE),"") -> TTS
A47: 7-KADIN İÇİN UYGUN İSİMLER | B47: BELLEVILLE | D47: =IF(C47>0,+AG47&"."&AI47&AJ47&"_"&AK47,"") | J47: 0 | K47: =IF(C47>0,C47,"") | AA47: =+IF($C47>0,VLOOKUP($B47,'CSM ACTIVE PRICE LIST'!$A$2:$F$1022,4,FALSE),"") | AB47: =+IF($C47>0,VLOOKUP($B47,'CSM ACTIVE PRICE LIST'!$A$2:$F$1022,5,FALSE),"") | AC47: =+IF($C47>0,VLOOKUP($B47,'CSM ACTIVE PRICE LIST'!$A$2:$F$1022,6,FALSE),"") | AE47: =+H47&J47 -> 0 | AG47: =IF($C47>0,+VLOOKUP(E47,'MASTER CODE DATA'!A$1:B$99,2,FALSE),"") | AH47: =IF(C47>0,+VLOOKUP(F47,'MASTER CODE DATA'!C$1:D$99,2,FALSE),"") | AI47: =IF(C47>0,+VLOOKUP(G47,'MASTER CODE DATA'!E$1:F$99,2,FALSE),"") | AJ47: =IF(C47>0,+VLOOKUP(H47,'MASTER CODE DATA'!G$1:H$99,2,FALSE),"") | AK47: =IF(C47>0,+VLOOKUP(I47,'MASTER CODE DATA'!I$1:J$99,2,FALSE),"")
A48: 4-GENERAL USE NAMES | B48: BENIN | D48: =IF(C48>0,+AG48&"."&AI48&AJ48&"_"&AK48,"") | J48: 0 | K48: =IF(C48>0,C48,"") | AA48: =+IF($C48>0,VLOOKUP($B48,'CSM ACTIVE PRICE LIST'!$A$2:$F$1022,4,FALSE),"") | AB48: =+IF($C48>0,VLOOKUP($B48,'CSM ACTIVE PRICE LIST'!$A$2:$F$1022,5,FALSE),"") | AC48: =+IF($C48>0,VLOOKUP($B48,'CSM ACTIVE PRICE LIST'!$A$2:$F$1022,6,FALSE),"") | AE48: =+H48&J48 -> 0 | AG48: =IF($C48>0,+VLOOKUP(E48,'MASTER CODE DATA'!A$1:B$99,2,FALSE),"") | AH48: =IF(C48>0,+VLOOKUP(F48,'MASTER CODE DATA'!C$1:D$99,2,FALSE),"") | AI48: =IF(C48>0,+VLOOKUP(G48,'MASTER CODE DATA'!E$1:F$99,2,FALSE),"") | AJ48: =IF(C48>0,+VLOOKUP(H48,'MASTER CODE DATA'!G$1:H$99,2,FALSE),"") | AK48: =IF(C48>0,+VLOOKUP(I48,'MASTER CODE DATA'!I$1:J$99,2,FALSE),"")
A49: 6-ERKEK İÇİN UYGUN İSİMLER | B49: BERGAMO | D49: =IF(C49>0,+AG49&"."&AI49&AJ49&"_"&AK49,"") | J49: 0 | K49: =IF(C49>0,C49,"") | AA49: =+IF($C49>0,VLOOKUP($B49,'CSM ACTIVE PRICE LIST'!$A$2:$F$1022,4,FALSE),"") | AB49: =+IF($C49>0,VLOOKUP($B49,'CSM ACTIVE PRICE LIST'!$A$2:$F$1022,5,FALSE),"") | AC49: =+IF($C49>0,VLOOKUP($B49,'CSM ACTIVE PRICE LIST'!$A$2:$F$1022,6,FALSE),"") | AE49: =+H49&J49 -> 0 | AG49: =IF($C49>0,+VLOOKUP(E49,'MASTER CODE DATA'!A$1:B$99,2,FALSE),"") | AH49: =IF(C49>0,+VLOOKUP(F49,'MASTER CODE DATA'!C$1:D$99,2,FALSE),"") | AI49: =IF(C49>0,+VLOOKUP(G49,'MASTER CODE DATA'!E$1:F$99,2,FALSE),"") | AJ49: =IF(C49>0,+VLOOKUP(H49,'MASTER CODE DATA'!G$1:H$99,2,FALSE),"") | AK49: =IF(C49>0,+VLOOKUP(I49,'MASTER CODE DATA'!I$1:J$99,2,FALSE),"")
A50: 1-TOP NAMES | B50: BERLIN | D50: =IF(C50>0,+AG50&"."&AI50&AJ50&"_"&AK50,"") | J50: 0 | K50: =IF(C50>0,C50,"") | AA50: =+IF($C50>0,VLOOKUP($B50,'CSM ACTIVE PRICE LIST'!$A$2:$F$1022,4,FALSE),"") | AB50: =+IF($C50>0,VLOOKUP($B50,'CSM ACTIVE PRICE LIST'!$A$2:$F$1022,5,FALSE),"") | AC50: =+IF($C50>0,VLOOKUP($B50,'CSM ACTIVE PRICE LIST'!$A$2:$F$1022,6,FALSE),"") | AE50: =+H50&J50 -> 0 | AG50: =IF($C50>0,+VLOOKUP(E50,'MASTER CODE DATA'!A$1:B$99,2,FALSE),"") | AH50: =IF(C50>0,+VLOOKUP(F50,'MASTER CODE DATA'!C$1:D$99,2,FALSE),"") | AI50: =IF(C50>0,+VLOOKUP(G50,'MASTER CODE DATA'!E$1:F$99,2,FALSE),"") | AJ50: =IF(C50>0,+VLOOKUP(H50,'MASTER CODE DATA'!G$1:H$99,2,FALSE),"") | AK50: =IF(C50>0,+VLOOKUP(I50,'MASTER CODE DATA'!I$1:J$99,2,FALSE),"")
A51: 6-ERKEK İÇİN UYGUN İSİMLER | B51: BERN | D51: =IF(C51>0,+AG51&"."&AI51&AJ51&"_"&AK51,"") | J51: 0 | K51: =IF(C51>0,C51,"") | AA51: =+IF($C51>0,VLOOKUP($B51,'CSM ACTIVE PRICE LIST'!$A$2:$F$1022,4,FALSE),"") | AB51: =+IF($C51>0,VLOOKUP($B51,'CSM ACTIVE PRICE LIST'!$A$2:$F$1022,5,FALSE),"") | AC51: =+IF($C51>0,VLOOKUP($B51,'CSM ACTIVE PRICE LIST'!$A$2:$F$1022,6,FALSE),"") | AE51: =+H51&J51 -> 0 | AG51: =IF($C51>0,+VLOOKUP(E51,'MASTER CODE DATA'!A$1:B$99,2,FALSE),"") | AH51: =IF(C51>0,+VLOOKUP(F51,'MASTER CODE DATA'!C$1:D$99,2,FALSE),"") | AI51: =IF(C51>0,+VLOOKUP(G51,'MASTER CODE DATA'!E$1:F$99,2,FALSE),"") | AJ51: =IF(C51>0,+VLOOKUP(H51,'MASTER CODE DATA'!G$1:H$99,2,FALSE),"") | AK51: =IF(C51>0,+VLOOKUP(I51,'MASTER CODE DATA'!I$1:J$99,2,FALSE),"")
A52: 6-ERKEK İÇİN UYGUN İSİMLER | B52: BILBAO | D52: =IF(C52>0,+AG52&"."&AI52&AJ52&"_"&AK52,"") | J52: 0 | K52: =IF(C52>0,C52,"") | AA52: =+IF($C52>0,VLOOKUP($B52,'CSM ACTIVE PRICE LIST'!$A$2:$F$1022,4,FALSE),"") | AB52: =+IF($C52>0,VLOOKUP($B52,'CSM ACTIVE PRICE LIST'!$A$2:$F$1022,5,FALSE),"") | AC52: =+IF($C52>0,VLOOKUP($B52,'CSM ACTIVE PRICE LIST'!$A$2:$F$1022,6,FALSE),"") | AE52: =+H52&J52 -> 0 | AG52: =IF($C52>0,+VLOOKUP(E52,'MASTER CODE DATA'!A$1:B$99,2,FALSE),"") | AH52: =IF(C52>0,+VLOOKUP(F52,'MASTER CODE DATA'!C$1:D$99,2,FALSE),"") | AI52: =IF(C52>0,+VLOOKUP(G52,'MASTER CODE DATA'!E$1:F$99,2,FALSE),"") | AJ52: =IF(C52>0,+VLOOKUP(H52,'MASTER CODE DATA'!G$1:H$99,2,FALSE),"") | AK52: =IF(C52>0,+VLOOKUP(I52,'MASTER CODE DATA'!I$1:J$99,2,FALSE),"")
A53: 9-ELEGANT, ELITE NAMES | B53: BIRMINGHAM | D53: =IF(C53>0,+AG53&"."&AI53&AJ53&"_"&AK53,"") | J53: 0 | K53: =IF(C53>0,C53,"") | AA53: =+IF($C53>0,VLOOKUP($B53,'CSM ACTIVE PRICE LIST'!$A$2:$F$1022,4,FALSE),"") | AB53: =+IF($C53>0,VLOOKUP($B53,'CSM ACTIVE PRICE LIST'!$A$2:$F$1022,5,FALSE),"") | AC53: =+IF($C53>0,VLOOKUP($B53,'CSM ACTIVE PRICE LIST'!$A$2:$F$1022,6,FALSE),"") | AE53: =+H53&J53 -> 0 | AG53: =IF($C53>0,+VLOOKUP(E53,'MASTER CODE DATA'!A$1:B$99,2,FALSE),"") | AH53: =IF(C53>0,+VLOOKUP(F53,'MASTER CODE DATA'!C$1:D$99,2,FALSE),"") | AI53: =IF(C53>0,+VLOOKUP(G53,'MASTER CODE DATA'!E$1:F$99,2,FALSE),"") | AJ53: =IF(C53>0,+VLOOKUP(H53,'MASTER CODE DATA'!G$1:H$99,2,FALSE),"") | AK53: =IF(C53>0,+VLOOKUP(I53,'MASTER CODE DATA'!I$1:J$99,2,FALSE),"")
A54: 3-SUMMER NAMES | B54: BOGOTA | D54: =IF(C54>0,+AG54&"."&AI54&AJ54&"_"&AK54,"") | J54: 0 | K54: =IF(C54>0,C54,"") | AA54: =+IF($C54>0,VLOOKUP($B54,'CSM ACTIVE PRICE LIST'!$A$2:$F$1022,4,FALSE),"") | AB54: =+IF($C54>0,VLOOKUP($B54,'CSM ACTIVE PRICE LIST'!$A$2:$F$1022,5,FALSE),"") | AC54: =+IF($C54>0,VLOOKUP($B54,'CSM ACTIVE PRICE LIST'!$A$2:$F$1022,6,FALSE),"") | AE54: =+H54&J54 -> 0 | AG54: =IF($C54>0,+VLOOKUP(E54,'MASTER CODE DATA'!A$1:B$99,2,FALSE),"") | AH54: =IF(C54>0,+VLOOKUP(F54,'MASTER CODE DATA'!C$1:D$99,2,FALSE),"") | AI54: =IF(C54>0,+VLOOKUP(G54,'MASTER CODE DATA'!E$1:F$99,2,FALSE),"") | AJ54: =IF(C54>0,+VLOOKUP(H54,'MASTER CODE DATA'!G$1:H$99,2,FALSE),"") | AK54: =IF(C54>0,+VLOOKUP(I54,'MASTER CODE DATA'!I$1:J$99,2,FALSE),"")
A55: 5-COMPETITION NAMES | B55: BOLOGNA | D55: =IF(C55>0,+AG55&"."&AI55&AJ55&"_"&AK55,"") | J55: 0 | K55: =IF(C55>0,C55,"") | AA55: =+IF($C55>0,VLOOKUP($B55,'CSM ACTIVE PRICE LIST'!$A$2:$F$1022,4,FALSE),"") | AB55: =+IF($C55>0,VLOOKUP($B55,'CSM ACTIVE PRICE LIST'!$A$2:$F$1022,5,FALSE),"") | AC55: =+IF($C55>0,VLOOKUP($B55,'CSM ACTIVE PRICE LIST'!$A$2:$F$1022,6,FALSE),"") | AE55: =+H55&J55 -> 0 | AG55: =IF($C55>0,+VLOOKUP(E55,'MASTER CODE DATA'!A$1:B$99,2,FALSE),"") | AH55: =IF(C55>0,+VLOOKUP(F55,'MASTER CODE DATA'!C$1:D$99,2,FALSE),"") | AI55: =IF(C55>0,+VLOOKUP(G55,'MASTER CODE DATA'!E$1:F$99,2,FALSE),"") | AJ55: =IF(C55>0,+VLOOKUP(H55,'MASTER CODE DATA'!G$1:H$99,2,FALSE),"") | AK55: =IF(C55>0,+VLOOKUP(I55,'MASTER CODE DATA'!I$1:J$99,2,FALSE),"")
A56: 6-ERKEK İÇİN UYGUN İSİMLER | B56: BOLZANO | D56: =IF(C56>0,+AG56&"."&AI56&AJ56&"_"&AK56,"") | J56: 0 | K56: =IF(C56>0,C56,"") | AA56: =+IF($C56>0,VLOOKUP($B56,'CSM ACTIVE PRICE LIST'!$A$2:$F$1022,4,FALSE),"") | AB56: =+IF($C56>0,VLOOKUP($B56,'CSM ACTIVE PRICE LIST'!$A$2:$F$1022,5,FALSE),"") | AC56: =+IF($C56>0,VLOOKUP($B56,'CSM ACTIVE PRICE LIST'!$A$2:$F$1022,6,FALSE),"") | AE56: =+H56&J56 -> 0 | AG56: =IF($C56>0,+VLOOKUP(E56,'MASTER CODE DATA'!A$1:B$99,2,FALSE),"") | AH56: =IF(C56>0,+VLOOKUP(F56,'MASTER CODE DATA'!C$1:D$99,2,FALSE),"") | AI56: =IF(C56>0,+VLOOKUP(G56,'MASTER CODE DATA'!E$1:F$99,2,FALSE),"") | AJ56: =IF(C56>0,+VLOOKUP(H56,'MASTER CODE DATA'!G$1:H$99,2,FALSE),"") | AK56: =IF(C56>0,+VLOOKUP(I56,'MASTER CODE DATA'!I$1:J$99,2,FALSE),"")
A57: 4-GENERAL USE NAMES | B57: BOSTON | D57: =IF(C57>0,+AG57&"."&AI57&AJ57&"_"&AK57,"") | J57: 0 | K57: =IF(C57>0,C57,"") | AA57: =+IF($C57>0,VLOOKUP($B57,'CSM ACTIVE PRICE LIST'!$A$2:$F$1022,4,FALSE),"") | AB57: =+IF($C57>0,VLOOKUP($B57,'CSM ACTIVE PRICE LIST'!$A$2:$F$1022,5,FALSE),"") | AC57: =+IF($C57>0,VLOOKUP($B57,'CSM ACTIVE PRICE LIST'!$A$2:$F$1022,6,FALSE),"") | AE57: =+H57&J57 -> 0 | AG57: =IF($C57>0,+VLOOKUP(E57,'MASTER CODE DATA'!A$1:B$99,2,FALSE),"") | AH57: =IF(C57>0,+VLOOKUP(F57,'MASTER CODE DATA'!C$1:D$99,2,FALSE),"") | AI57: =IF(C57>0,+VLOOKUP(G57,'MASTER CODE DATA'!E$1:F$99,2,FALSE),"") | AJ57: =IF(C57>0,+VLOOKUP(H57,'MASTER CODE DATA'!G$1:H$99,2,FALSE),"") | AK57: =IF(C57>0,+VLOOKUP(I57,'MASTER CODE DATA'!I$1:J$99,2,FALSE),"")
A58: 9-ELEGANT, ELITE NAMES | B58: BRADFORD | D58: =IF(C58>0,+AG58&"."&AI58&AJ58&"_"&AK58,"") | J58: 0 | K58: =IF(C58>0,C58,"") | AA58: =+IF($C58>0,VLOOKUP($B58,'CSM ACTIVE PRICE LIST'!$A$2:$F$1022,4,FALSE),"") | AB58: =+IF($C58>0,VLOOKUP($B58,'CSM ACTIVE PRICE LIST'!$A$2:$F$1022,5,FALSE),"") | AC58: =+IF($C58>0,VLOOKUP($B58,'CSM ACTIVE PRICE LIST'!$A$2:$F$1022,6,FALSE),"") | AE58: =+H58&J58 -> 0 | AG58: =IF($C58>0,+VLOOKUP(E58,'MASTER CODE DATA'!A$1:B$99,2,FALSE),"") | AH58: =IF(C58>0,+VLOOKUP(F58,'MASTER CODE DATA'!C$1:D$99,2,FALSE),"") | AI58: =IF(C58>0,+VLOOKUP(G58,'MASTER CODE DATA'!E$1:F$99,2,FALSE),"") | AJ58: =IF(C58>0,+VLOOKUP(H58,'MASTER CODE DATA'!G$1:H$99,2,FALSE),"") | AK58: =IF(C58>0,+VLOOKUP(I58,'MASTER CODE DATA'!I$1:J$99,2,FALSE),"")
... A67: 4-GENERAL USE NAMES | B67: CALIFORNIA | D67: =IF(C67>0,+AG67&"."&AI67&AJ67&"_"&AK67,"") | J67: 0 | K67: =IF(C67>0,C67,"") | AA67: =+IF($C67>0,VLOOKUP($B67,'CSM ACTIVE PRICE LIST'!$A$2:$F$1022,4,FALSE),"") | AB67: =+IF($C67>0,VLOOKUP($B67,'CSM ACTIVE PRICE LIST'!$A$2:$F$1022,5,FALSE),"") | AC67: =+IF($C67>0,VLOOKUP($B67,'CSM ACTIVE PRICE LIST'!$A$2:$F$1022,6,FALSE),"") | AE67: =+H67&J67 -> 0 | AG67: =IF($C67>0,+VLOOKUP(E67,'MASTER CODE DATA'!A$1:B$99,2,FALSE),"") | AH67: =IF(C67>0,+VLOOKUP(F67,'MASTER CODE DATA'!C$1:D$99,2,FALSE),"") | AI67: =IF(C67>0,+VLOOKUP(G67,'MASTER CODE DATA'!E$1:F$99,2,FALSE),"") | AJ67: =IF(C67>0,+VLOOKUP(H67,'MASTER CODE DATA'!G$1:H$99,2,FALSE),"") | AK67: =IF(C67>0,+VLOOKUP(I67,'MASTER CODE DATA'!I$1:J$99,2,FALSE),"")
A68: 9-ELEGANT, ELITE NAMES | B68: CAMBRIDGE | C68: COMPETITION TIE | D68: =IF(C68>0,+AG68&"."&AI68&AJ68&"_"&AK68,"") -> A.RACMN_TIE | E68: ACCESSORIES | F68: ACCESSORIES | G68: RIDER ACCESSORIES | H68: MEN | I68: COMPETITION TIES | J68: COMPETITION TIES | K68: =IF(C68>0,C68,"") -> COMPETITION TIE | L68: Textured woven competition tie with jacquard logo | M68: Composition: 100% Polyester | N68: Hand Wash at 30°C degrees Dry Cleaning Mild iron | O68: YARIŞMA KRAVATI | P68: Jakar logolu dokuma yarışma kravatı | Q68: Kompozisyon: 100% Polyester | R68: 30°C derecede elde yıkama Kuru Temizleme yapılabilir Ilık Ütü | S68: CRAVATTA DA CONCORSO | T68: Cravatta da gara in navetta con logo jacquard | U68: Composizione: 100% Poliestere | V68: Lavaggio a mano a 30°C Lavaggio a secco Stiratura delicata | AA68: =+IF($C68>0,VLOOKUP($B68,'CSM ACTIVE PRICE LIST'!$A$2:$F$1022,4,FALSE),"") -> 39.9 | AB68: =+IF($C68>0,VLOOKUP($B68,'CSM ACTIVE PRICE LIST'!$A$2:$F$1022,5,FALSE),"") -> 2190 | AC68: =+IF($C68>0,VLOOKUP($B68,'CSM ACTIVE PRICE LIST'!$A$2:$F$1022,6,FALSE),"") -> 45.885 | AD68: =+VLOOKUP(B68,'SKU LIST - LINKED'!C:W,21,FALSE) -> STD | AE68: =+H68&"-"&J68 -> MEN-COMPETITION TIES | AF68: =+VLOOKUP(B68,'[1]STYLES & SIZE CHARTS'!$A:$H,8,FALSE) -> 0 | AG68: =IF($C68>0,+VLOOKUP(E68,'MASTER CODE DATA'!A$1:B$99,2,FALSE),"") -> A | AH68: =IF(C68>0,+VLOOKUP(F68,'MASTER CODE DATA'!C$1:D$99,2,FALSE),"") -> ACS | AI68: =IF(C68>0,+VLOOKUP(G68,'MASTER CODE DATA'!E$1:F$99,2,FALSE),"") -> RAC | AJ68: =IF(C68>0,+VLOOKUP(H68,'MASTER CODE DATA'!G$1:H$99,2,FALSE),"") -> MN | AK68: =IF(C68>0,+VLOOKUP(I68,'MASTER CODE DATA'!I$1:J$99,2,FALSE),"") -> TIE
A69: 2-WINTER NAMES | B69: CANADA | C69: WOMEN'S PUFFER VEST | D69: =IF(C69>0,+AG69&"."&AI69&AJ69&"_"&AK69,"") -> R.OTWWN_PUV | E69: RIDER | F69: WOMEN | G69: OUTERWEAR | H69: WOMEN | I69: PUFFER VESTS | J69: PUFFER VESTS | K69: =IF(C69>0,C69,"") -> WOMEN'S PUFFER VEST | L69: CANADA Riding Vest Every rider's must have product Ideal for transition seasons | M69: *Super-light weight *Tailored fit for women Composition: Shell fabric: 100% Nylon Lining: 100% Nylon Filling: 100% Polyester Non-woven | N69: Machine Wash gently at 30 C Do not dry clean Do not bleach Do not iron Hang dry | O69: KADIN ŞİŞME YELEK | P69: CANADA Binici Yeleği Her binicinin gardrobunda bulunması gereken bir ürün Geçiş mevsimleri için ideal | Q69: *Ultra hafif Kompozisyon: Dış Kumaş: 100% Nylon Astar: 100% Nylon Dolgu: 100% Polyester Elyaf | R69: 30 C derecede hassas Makine yıkama Kuru temizleme yapmayın Çamaşır suyu kullanmayın Ütülemeyin Asarak kurutun | S69: GILET IMBOTTITO DA DONNA | T69: Gilet da equitazione Un prodotto essenziale nel guardaroba di ogni cavaliere Ideale per le mezze stagioni | U69: Super leggero Vestibilita slim per le donne Composizione: Tessuto esterno: 100% Nylon Fodera: 100% Nylon Imbottitura: 100% Poliestere | V69: Lavaggio delicato a 30°C Non lavare a secco Non candeggiare Non stirare Asciugare appeso | AA69: =+IF($C69>0,VLOOKUP($B69,'CSM ACTIVE PRICE LIST'!$A$2:$F$1022,4,FALSE),"") -> 99.9 | AB69: =+IF($C69>0,VLOOKUP($B69,'CSM ACTIVE PRICE LIST'!$A$2:$F$1022,5,FALSE),"") -> 5490 | AC69: =+IF($C69>0,VLOOKUP($B69,'CSM ACTIVE PRICE LIST'!$A$2:$F$1022,6,FALSE),"") -> 114.885 | AD69: =+VLOOKUP(B69,'SKU LIST - LINKED'!C:W,21,FALSE) -> #N/A | AE69: =+H69&"-"&J69 -> WOMEN-PUFFER VESTS | AF69: =+VLOOKUP(B69,'[1]STYLES & SIZE CHARTS'!$A:$H,8,FALSE) -> 0 | AG69: =IF($C69>0,+VLOOKUP(E69,'MASTER CODE DATA'!A$1:B$99,2,FALSE),"") -> R | AH69: =IF(C69>0,+VLOOKUP(F69,'MASTER CODE DATA'!C$1:D$99,2,FALSE),"") -> WMN | AI69: =IF(C69>0,+VLOOKUP(G69,'MASTER CODE DATA'!E$1:F$99,2,FALSE),"") -> OTW | AJ69: =IF(C69>0,+VLOOKUP(H69,'MASTER CODE DATA'!G$1:H$99,2,FALSE),"") -> WN | AK69: =IF(C69>0,+VLOOKUP(I69,'MASTER CODE DATA'!I$1:J$99,2,FALSE),"") -> PUV
A70: 7-KADIN İÇİN UYGUN İSİMLER | B70: CANBERRA | D70: =IF(C70>0,+AG70&"."&AI70&AJ70&"_"&AK70,"") | J70: 0 | K70: =IF(C70>0,C70,"") | AA70: =+IF($C70>0,VLOOKUP($B70,'CSM ACTIVE PRICE LIST'!$A$2:$F$1022,4,FALSE),"") | AB70: =+IF($C70>0,VLOOKUP($B70,'CSM ACTIVE PRICE LIST'!$A$2:$F$1022,5,FALSE),"") | AC70: =+IF($C70>0,VLOOKUP($B70,'CSM ACTIVE PRICE LIST'!$A$2:$F$1022,6,FALSE),"") | AE70: =+H70&J70 -> 0 | AG70: =IF($C70>0,+VLOOKUP(E70,'MASTER CODE DATA'!A$1:B$99,2,FALSE),"") | AH70: =IF(C70>0,+VLOOKUP(F70,'MASTER CODE DATA'!C$1:D$99,2,FALSE),"") | AI70: =IF(C70>0,+VLOOKUP(G70,'MASTER CODE DATA'!E$1:F$99,2,FALSE),"") | AJ70: =IF(C70>0,+VLOOKUP(H70,'MASTER CODE DATA'!G$1:H$99,2,FALSE),"") | AK70: =IF(C70>0,+VLOOKUP(I70,'MASTER CODE DATA'!I$1:J$99,2,FALSE),"")
A71: 3-SUMMER NAMES | B71: CANNES | C71: WOMEN'S SOFT TRAINING POLO | D71: =IF(C71>0,+AG71&"."&AI71&AJ71&"_"&AK71,"") -> R.TOPWN_SPL | E71: RIDER | F71: WOMEN | G71: TOPS | H71: WOMEN | I71: SOFT POLOS | J71: SOFT POLO SHORT SLEEVE | K71: =IF(C71>0,C71,"") -> WOMEN'S SOFT TRAINING POLO | L71: Women's Short Sleeve Soft Training Polo Thanks to its soft and natural fiber fabric our soft polos are ideal for daily training | M71: Bi-color Piquet Fabric Embroidery dressing Composition: 100% Cotton | N71: Machine Wash at 30°C Mild process Iron at low temperature Iron from REVERSE Do NOT iron on logos or prints Do not bleach Do NOT Tumble Dry | O71: KADIN SOFT ANTRENMAN POLO | P71: Kadın Kısa Kol Soft Antrenman Polo Doğal pamuk elyaf kumaştan üretilmiş bu pololar günlük antrenmanlarınız için ideal bir kıyafet | Q71: Çift renk polo pike kumaş Nakışlı logo Kompozisyon: 100% Pamuk | R71: Makinede 30°C' de Yıkayın Hassas Yıkama Ilık ütü yapın Tersten ütüleyin Logo ve baskıları ÜTÜLEMEYİN Çamaşır suyu kullanmayın Kurutma Makinesinde Kurutmayın | S71: POLO DA ALLENAMENTO SOFT DA DONNA | T71: Polo a maniche corte in cotone morbido da donna Grazie al suo tessuto naturale e morbido, è ideale per l'allenamento quotidiano. | U71: Tessuto piqué bicolore Ricamo decorativo Composizione: 100% Cotone | V71: Lavare in lavatrice a 30°C Ciclo delicato Stirare a bassa temperatura Stirare al rovescio Non stirare su loghi o stampe Non candeggiare Non asciugare in asciugatrice | AA71: =+IF($C71>0,VLOOKUP($B71,'CSM ACTIVE PRICE LIST'!$A$2:$F$1022,4,FALSE),"") -> 69.9 | AB71: =+IF($C71>0,VLOOKUP($B71,'CSM ACTIVE PRICE LIST'!$A$2:$F$1022,5,FALSE),"") -> 3840 | AC71: =+IF($C71>0,VLOOKUP($B71,'CSM ACTIVE PRICE LIST'!$A$2:$F$1022,6,FALSE),"") -> 80.385 | AD71: =+VLOOKUP(B71,'SKU LIST - LINKED'!C:W,21,FALSE) -> XS;S;M;L;XL | AE71: =+H71&"-"&J71 -> WOMEN-SOFT POLO SHORT SLEEVE | AF71: =+VLOOKUP(B71,'[1]STYLES & SIZE CHARTS'!$A:$H,8,FALSE) -> WT-SSCP1 | AG71: =IF($C71>0,+VLOOKUP(E71,'MASTER CODE DATA'!A$1:B$99,2,FALSE),"") -> R | AH71: =IF(C71>0,+VLOOKUP(F71,'MASTER CODE DATA'!C$1:D$99,2,FALSE),"") -> WMN | AI71: =IF(C71>0,+VLOOKUP(G71,'MASTER CODE DATA'!E$1:F$99,2,FALSE),"") -> TOP | AJ71: =IF(C71>0,+VLOOKUP(H71,'MASTER CODE DATA'!G$1:H$99,2,FALSE),"") -> WN | AK71: =IF(C71>0,+VLOOKUP(I71,'MASTER CODE DATA'!I$1:J$99,2,FALSE),"") -> SPL
A72: 3-SUMMER NAMES | B72: CAPE TOWN | C72: BASEBALL CAP | D72: =IF(C72>0,+AG72&"."&AI72&AJ72&"_"&AK72,"") -> A.RACAU_CAP | E72: ACCESSORIES | F72: ACCESSORIES | G72: RIDER ACCESSORIES | H72: ADULTS UNISEX | I72: CAPS | J72: CAPS | K72: =IF(C72>0,C72,"") -> BASEBALL CAP | L72: Embroidery Logo Baseball Cap | M72: Composition: 100% Cotton | N72: Machine wash 40 C Do not iron Do not bleach | O72: KEP ŞAPKA | P72: Nakış logolu Şapka | Q72: Kompozisyon: 100% Pamuk | R72: 40 C Makine yıkama Ütülemeyin Çamaşır suyu kullanmayın | S72: CAPPELLINO DA BASEBALL | T72: Cappellino da baseball con logo ricamato | U72: Composizione: 100% Cotone | V72: Lavare in lavatrice a 40°C Non stirare Non candeggiare | AA72: =+IF($C72>0,VLOOKUP($B72,'CSM ACTIVE PRICE LIST'!$A$2:$F$1022,4,FALSE),"") -> 29.9 | AB72: =+IF($C72>0,VLOOKUP($B72,'CSM ACTIVE PRICE LIST'!$A$2:$F$1022,5,FALSE),"") -> 1640 | AC72: =+IF($C72>0,VLOOKUP($B72,'CSM ACTIVE PRICE LIST'!$A$2:$F$1022,6,FALSE),"") -> 34.385 | AD72: =+VLOOKUP(B72,'SKU LIST - LINKED'!C:W,21,FALSE) -> STD | AE72: =+H72&"-"&J72 -> ADULTS UNISEX-CAPS | AF72: =+VLOOKUP(B72,'[1]STYLES & SIZE CHARTS'!$A:$H,8,FALSE) -> 0 | AG72: =IF($C72>0,+VLOOKUP(E72,'MASTER CODE DATA'!A$1:B$99,2,FALSE),"") -> A | AH72: =IF(C72>0,+VLOOKUP(F72,'MASTER CODE DATA'!C$1:D$99,2,FALSE),"") -> ACS | AI72: =IF(C72>0,+VLOOKUP(G72,'MASTER CODE DATA'!E$1:F$99,2,FALSE),"") -> RAC | AJ72: =IF(C72>0,+VLOOKUP(H72,'MASTER CODE DATA'!G$1:H$99,2,FALSE),"") -> AU | AK72: =IF(C72>0,+VLOOKUP(I72,'MASTER CODE DATA'!I$1:J$99,2,FALSE),"") -> CAP
A73: 4-GENERAL USE NAMES | B73: CAPPA | C73: TECH EAR BONNET | D73: =IF(C73>0,+AG73&"."&AI73&AJ73&"_"&AK73,"") -> H.FLYFL_EAR | E73: HORSE | F73: HORSE | G73: FLY PROTECTION | H73: FULL | I73: EAR BONNETS / FLY VEILS | J73: EAR BONNETS / FLY VEILS | K73: =IF(C73>0,C73,"") -> TECH EAR BONNET | L73: Elegant and flexible ear bonnet made with Italian technical jersey. Cavalier SanMarco Tech Earbonnets can be matched with our Tech Series products; Tech Saddlepads, Breeches, Leggings and Show Jackets. | M73: *Italian Premium fabric *Easy fit *Extra-soft and comfortable technical jersey *4-way stretch fabric *Breathable and Quick Dry *Wrinkle-free and Easy Care Composition: 74% Micro PA / 26% Elasthane | N73: Machine Wash at 30°C Mild process Iron at low temperature Iron from REVERSE Do NOT iron on logos or prints Do not bleach Do NOT Tumble Dry | O73: TECH SERİSİ KULAKLIK | P73: İtalyan teknik örme kumaştan üretilmiş zarif ve esnek kulaklık. Cavalier SanMarco Tech kulaklıkları Tech Serisi ürünlerimizle eşleştirilebilir: Tech eyer altlıkları, binici pantolonları, taytlar ve yarış ceketleri. | Q73: *İtalyan Premium kumaş *Ekstra yumuşak ve konforlu teknik jarse *Kolay Fit *4 yönlü esneme özelliği *Nefes alabilir ve hızlı kurur *Kırışmaz ve kolay bakım Bileşimi: %74 Mikro PA / %26 Elastan | R73: Makinede 30°C' de Yıkayın Hassas Yıkama Ilık ütü yapın Tersten ütüleyin Logo ve baskıları ÜTÜLEMEYİN Çamaşır suyu kullanmayın Kurutma Makinesinde Kurutmayın | S73: CUFFIE TECH | T73: Elegante e flessibile cuffie realizzata in jersey tecnico Italiano. Le cuffie Tech di Cavalier SanMarco possono essere abbinate ai nostri prodotti della Tech Series: sottosella tecnici, pantaloni da equitazione, leggings e giacche da concorso. | U73: *Tessuto premium italiano *Jersey tecnico extra morbido e confortevole *Fit facile *Tessuto elasticizzato in 4 direzioni *Traspirante e ad asciugatura rapida *Antipiega e facile da curare Composizione: 74% Micro PA / 26% Elastan | V73: Lavare in lavatrice a 30°C Ciclo delicato Stirare a bassa temperatura Stirare al rovescio Non stirare su loghi o stampe Non candeggiare Non asciugare in asciugatrice | AA73: =+IF($C73>0,VLOOKUP($B73,'CSM ACTIVE PRICE LIST'!$A$2:$F$1022,4,FALSE),"") -> 49.9 | AB73: =+IF($C73>0,VLOOKUP($B73,'CSM ACTIVE PRICE LIST'!$A$2:$F$1022,5,FALSE),"") -> 2740 | AC73: =+IF($C73>0,VLOOKUP($B73,'CSM ACTIVE PRICE LIST'!$A$2:$F$1022,6,FALSE),"") -> 57.385 | AD73: =+VLOOKUP(B73,'SKU LIST - LINKED'!C:W,21,FALSE) -> FULL | AE73: =+H73&"-"&J73 -> FULL-EAR BONNETS / FLY VEILS | AF73: =+VLOOKUP(B73,'[1]STYLES & SIZE CHARTS'!$A:$H,8,FALSE) -> 0 | AG73: =IF($C73>0,+VLOOKUP(E73,'MASTER CODE DATA'!A$1:B$99,2,FALSE),"") -> H | AH73: =IF(C73>0,+VLOOKUP(F73,'MASTER CODE DATA'!C$1:D$99,2,FALSE),"") -> HRS | AI73: =IF(C73>0,+VLOOKUP(G73,'MASTER CODE DATA'!E$1:F$99,2,FALSE),"") -> FLY | AJ73: =IF(C73>0,+VLOOKUP(H73,'MASTER CODE DATA'!G$1:H$99,2,FALSE),"") -> FL | AK73: =IF(C73>0,+VLOOKUP(I73,'MASTER CODE DATA'!I$1:J$99,2,FALSE),"") -> EAR
A74: 4-GENERAL USE NAMES | B74: CAPPA-P | C74: TECH EAR BONNET | D74: =IF(C74>0,+AG74&"."&AI74&AJ74&"_"&AK74,"") -> H.FLYPN_EAR | E74: HORSE | F74: PONY | G74: FLY PROTECTION | H74: PONY | I74: EAR BONNETS / FLY VEILS | J74: EAR BONNETS / FLY VEILS | K74: =IF(C74>0,H74&" - "&C74,"") -> PONY - TECH EAR BONNET | L74: Elegant and flexible Pony ear bonnet made with Italian technical jersey. Cavalier SanMarco Tech Earbonnets can be matched with our Tech Series products; Tech Saddlepads, Breeches, Leggings and Show Jackets. | M74: *Italian Premium fabric *Easy fit *Extra-soft and comfortable technical jersey *4-way stretch fabric *Breathable and Quick Dry *Wrinkle-free and Easy Care Composition: 74% Micro PA / 26% Elasthane | N74: Machine Wash at 30°C Mild process Iron at low temperature Iron from REVERSE Do NOT iron on logos or prints Do not bleach Do NOT Tumble Dry | O74: TECH SERİSİ PONY KULAKLIK | P74: İtalyan teknik örme kumaştan üretilmiş zarif ve esnek Pony kulaklık. Cavalier SanMarco Tech kulaklıkları Tech Serisi ürünlerimizle eşleştirilebilir: Tech eyer altlıkları, binici pantolonları, taytlar ve yarış ceketleri. | Q74: *İtalyan Premium kumaş *Ekstra yumuşak ve konforlu teknik jarse *Kolay Fit *4 yönlü esneme özelliği *Nefes alabilir ve hızlı kurur *Kırışmaz ve kolay bakım Bileşimi: %74 Mikro PA / %26 Elastan | R74: Makinede 30°C' de Yıkayın Hassas Yıkama Ilık ütü yapın Tersten ütüleyin Logo ve baskıları ÜTÜLEMEYİN Çamaşır suyu kullanmayın Kurutma Makinesinde Kurutmayın | S74: CUFFIE TECH X PONY | T74: Elegante e flessibile cuffie per Pony realizzata in jersey tecnico Italiano. Le cuffie Tech di Cavalier SanMarco possono essere abbinate ai nostri prodotti della Tech Series: sottosella tecnici, pantaloni da equitazione, leggings e giacche da concorso. | U74: *Tessuto premium italiano *Jersey tecnico extra morbido e confortevole *Fit facile *Tessuto elasticizzato in 4 direzioni *Traspirante e ad asciugatura rapida *Antipiega e facile da curare Composizione: 74% Micro PA / 26% Elastan | V74: Lavare in lavatrice a 30°C Ciclo delicato Stirare a bassa temperatura Stirare al rovescio Non stirare su loghi o stampe Non candeggiare Non asciugare in asciugatrice | AA74: =+IF($C74>0,VLOOKUP($B74,'CSM ACTIVE PRICE LIST'!$A$2:$F$1022,4,FALSE),"") -> 49.9 | AB74: =+IF($C74>0,VLOOKUP($B74,'CSM ACTIVE PRICE LIST'!$A$2:$F$1022,5,FALSE),"") -> 2740 | AC74: =+IF($C74>0,VLOOKUP($B74,'CSM ACTIVE PRICE LIST'!$A$2:$F$1022,6,FALSE),"") -> 57.385 | AD74: =+VLOOKUP(B74,'SKU LIST - LINKED'!C:W,21,FALSE) -> PONY | AE74: =+H74&"-"&J74 -> PONY-EAR BONNETS / FLY VEILS | AF74: =+VLOOKUP(B74,'[1]STYLES & SIZE CHARTS'!$A:$H,8,FALSE) -> 0 | AG74: =IF($C74>0,+VLOOKUP(E74,'MASTER CODE DATA'!A$1:B$99,2,FALSE),"") -> H | AH74: =IF(C74>0,+VLOOKUP(F74,'MASTER CODE DATA'!C$1:D$99,2,FALSE),"") -> PNY | AI74: =IF(C74>0,+VLOOKUP(G74,'MASTER CODE DATA'!E$1:F$99,2,FALSE),"") -> FLY | AJ74: =IF(C74>0,+VLOOKUP(H74,'MASTER CODE DATA'!G$1:H$99,2,FALSE),"") -> PN | AK74: =IF(C74>0,+VLOOKUP(I74,'MASTER CODE DATA'!I$1:J$99,2,FALSE),"") -> EAR
A75: 3-SUMMER NAMES | B75: CAPRI-3XB | C75: SUMMER RIDING SOCKS 3 PACK BUNDLE | D75: =IF(C75>0,+AG75&"."&AI75&AJ75&"_"&AK75,"") -> A.RACAU_SOC | E75: ACCESSORIES | F75: ACCESSORIES | G75: RIDER ACCESSORIES | H75: ADULTS UNISEX | I75: RIDING SOCKS | J75: RIDING SOCKS | K75: =IF(C75>0,C75,"") -> SUMMER RIDING SOCKS 3 PACK BUNDLE | L75: CAPRI 3 PACK BUNDLE AIRFLOW SUMMER SOCKS Specially designed for riders SMART FIT - (Sizes 35 to 45) UNISEX SUPER LIGHT BREATHABLE | M75: 50% Cotton, 45% Nylon, 5% Elasthane Technical Features: Fine Cotton bottom for comfort and humidity control Maximum breathability with CSM Airflow Technology Super light microfiber leg layer for cool feeling | N75: For best use we recommend hand-wash or Machine wash at 30C with hand-wash setting DO NOT TUMBLE DRY | O75: YAZLIK BİNİCİ ÇORABI 3'LÜ PAKET | P75: CAPRI 3'LÜ PAKET AIRFLOW YAZLIK ÇORAP Biniciler için özel olarak tasarlandı SMART FIT - (35 - 45 Beden) UNISEX SÜPER HAFİF NEFES ALABİLİR | Q75: %50 Pamuk, %45 Naylon, %5 Elastan Teknik Özellikler: Konfor ve nem kontrolü için İnce Pamuklu taban CSM Hava Akışı Teknolojisi ile maksimum nefes alabilirlik Serinlik hissi için süper hafif mikrofiber bacak katmanı | R75: En iyi kullanım için elde yıkamanızı öneririz veya Makinede 30C'de elde yıkama ayarında yıkayınız KURUTUCU KULLANMAYINIZ | S75: CALZINI DA EQUITAZIONE ESTIVI_x000D_ PACCHETTO DA 3 CONFEZIONI | T75: CAPRI CONFEZIONE DA 3 CALZINI ESTIVI AIRFLOW Progettato appositamente per i cavalieri VESTIBILITÀ INTELLIGENTE - (Taglia 35 - 45) UNISEX SUPERLEGGERO TRASPIRANTE | U75: 50% cotone, 45% nylon, 5% elastan_x000D_ Caratteristiche tecniche:_x000D_ Fondo in cotone fine per comfort e controllo dell'umidità_x000D_ Massima traspirabilità con tecnologia CSM Airflow_x000D_ Strato gamba in microfibra super leggero per una sensazione di freschezza_x000D_ | V75: Per un utilizzo ottimale, consigliamo il lavaggio a mano_x000D_ o il lavaggio in lavatrice a 30°C con programma di lavaggio a mano_x000D_ Non ASCIUGARE IN ASCIUGATRICE | AA75: =+IF($C75>0,VLOOKUP($B75,'CSM ACTIVE PRICE LIST'!$A$2:$F$1022,4,FALSE),"") -> 34.9 | AB75: =+IF($C75>0,VLOOKUP($B75,'CSM ACTIVE PRICE LIST'!$A$2:$F$1022,5,FALSE),"") -> 1910 | AC75: =+IF($C75>0,VLOOKUP($B75,'CSM ACTIVE PRICE LIST'!$A$2:$F$1022,6,FALSE),"") -> 40.135 | AD75: =+VLOOKUP(B75,'SKU LIST - LINKED'!C:W,21,FALSE) -> 35-45 | AE75: =+H75&"-"&J75 -> ADULTS UNISEX-RIDING SOCKS | AF75: =+VLOOKUP(B75,'[1]STYLES & SIZE CHARTS'!$A:$H,8,FALSE) -> 0 | AG75: =IF($C75>0,+VLOOKUP(E75,'MASTER CODE DATA'!A$1:B$99,2,FALSE),"") -> A | AH75: =IF(C75>0,+VLOOKUP(F75,'MASTER CODE DATA'!C$1:D$99,2,FALSE),"") -> ACS | AI75: =IF(C75>0,+VLOOKUP(G75,'MASTER CODE DATA'!E$1:F$99,2,FALSE),"") -> RAC | AJ75: =IF(C75>0,+VLOOKUP(H75,'MASTER CODE DATA'!G$1:H$99,2,FALSE),"") -> AU | AK75: =IF(C75>0,+VLOOKUP(I75,'MASTER CODE DATA'!I$1:J$99,2,FALSE),"") -> SOC
A76: 4-GENERAL USE NAMES | B76: CARACAS | D76: =IF(C76>0,+AG76&"."&AI76&AJ76&"_"&AK76,"") | J76: 0 | K76: =IF(C76>0,C76,"") | AA76: =+IF($C76>0,VLOOKUP($B76,'CSM ACTIVE PRICE LIST'!$A$2:$F$1022,4,FALSE),"") | AB76: =+IF($C76>0,VLOOKUP($B76,'CSM ACTIVE PRICE LIST'!$A$2:$F$1022,5,FALSE),"") | AC76: =+IF($C76>0,VLOOKUP($B76,'CSM ACTIVE PRICE LIST'!$A$2:$F$1022,6,FALSE),"") | AE76: =+H76&J76 -> 0 | AG76: =IF($C76>0,+VLOOKUP(E76,'MASTER CODE DATA'!A$1:B$99,2,FALSE),"") | AH76: =IF(C76>0,+VLOOKUP(F76,'MASTER CODE DATA'!C$1:D$99,2,FALSE),"") | AI76: =IF(C76>0,+VLOOKUP(G76,'MASTER CODE DATA'!E$1:F$99,2,FALSE),"") | AJ76: =IF(C76>0,+VLOOKUP(H76,'MASTER CODE DATA'!G$1:H$99,2,FALSE),"") | AK76: =IF(C76>0,+VLOOKUP(I76,'MASTER CODE DATA'!I$1:J$99,2,FALSE),"")
A77: 9-ELEGANT, ELITE NAMES | B77: CARDIFF | D77: =IF(C77>0,+AG77&"."&AI77&AJ77&"_"&AK77,"") | J77: 0 | K77: =IF(C77>0,C77,"") | AA77: =+IF($C77>0,VLOOKUP($B77,'CSM ACTIVE PRICE LIST'!$A$2:$F$1022,4,FALSE),"") | AB77: =+IF($C77>0,VLOOKUP($B77,'CSM ACTIVE PRICE LIST'!$A$2:$F$1022,5,FALSE),"") | AC77: =+IF($C77>0,VLOOKUP($B77,'CSM ACTIVE PRICE LIST'!$A$2:$F$1022,6,FALSE),"") | AE77: =+H77&J77 -> 0 | AG77: =IF($C77>0,+VLOOKUP(E77,'MASTER CODE DATA'!A$1:B$99,2,FALSE),"") | AH77: =IF(C77>0,+VLOOKUP(F77,'MASTER CODE DATA'!C$1:D$99,2,FALSE),"") | AI77: =IF(C77>0,+VLOOKUP(G77,'MASTER CODE DATA'!E$1:F$99,2,FALSE),"") | AJ77: =IF(C77>0,+VLOOKUP(H77,'MASTER CODE DATA'!G$1:H$99,2,FALSE),"") | AK77: =IF(C77>0,+VLOOKUP(I77,'MASTER CODE DATA'!I$1:J$99,2,FALSE),"")
A78: 7-KADIN İÇİN UYGUN İSİMLER | B78: CAROLINA | D78: =IF(C78>0,+AG78&"."&AI78&AJ78&"_"&AK78,"") | J78: 0 | K78: =IF(C78>0,C78,"") | AA78: =+IF($C78>0,VLOOKUP($B78,'CSM ACTIVE PRICE LIST'!$A$2:$F$1022,4,FALSE),"") | AB78: =+IF($C78>0,VLOOKUP($B78,'CSM ACTIVE PRICE LIST'!$A$2:$F$1022,5,FALSE),"") | AC78: =+IF($C78>0,VLOOKUP($B78,'CSM ACTIVE PRICE LIST'!$A$2:$F$1022,6,FALSE),"") | AE78: =+H78&J78 -> 0 | AG78: =IF($C78>0,+VLOOKUP(E78,'MASTER CODE DATA'!A$1:B$99,2,FALSE),"") | AH78: =IF(C78>0,+VLOOKUP(F78,'MASTER CODE DATA'!C$1:D$99,2,FALSE),"") | AI78: =IF(C78>0,+VLOOKUP(G78,'MASTER CODE DATA'!E$1:F$99,2,FALSE),"") | AJ78: =IF(C78>0,+VLOOKUP(H78,'MASTER CODE DATA'!G$1:H$99,2,FALSE),"") | AK78: =IF(C78>0,+VLOOKUP(I78,'MASTER CODE DATA'!I$1:J$99,2,FALSE),"")
A79: 5-COMPETITION NAMES | B79: CARRARA | D79: =IF(C79>0,+AG79&"."&AI79&AJ79&"_"&AK79,"") | J79: 0 | K79: =IF(C79>0,C79,"") | AA79: =+IF($C79>0,VLOOKUP($B79,'CSM ACTIVE PRICE LIST'!$A$2:$F$1022,4,FALSE),"") | AB79: =+IF($C79>0,VLOOKUP($B79,'CSM ACTIVE PRICE LIST'!$A$2:$F$1022,5,FALSE),"") | AC79: =+IF($C79>0,VLOOKUP($B79,'CSM ACTIVE PRICE LIST'!$A$2:$F$1022,6,FALSE),"") | AE79: =+H79&J79 -> 0 | AG79: =IF($C79>0,+VLOOKUP(E79,'MASTER CODE DATA'!A$1:B$99,2,FALSE),"") | AH79: =IF(C79>0,+VLOOKUP(F79,'MASTER CODE DATA'!C$1:D$99,2,FALSE),"") | AI79: =IF(C79>0,+VLOOKUP(G79,'MASTER CODE DATA'!E$1:F$99,2,FALSE),"") | AJ79: =IF(C79>0,+VLOOKUP(H79,'MASTER CODE DATA'!G$1:H$99,2,FALSE),"") | AK79: =IF(C79>0,+VLOOKUP(I79,'MASTER CODE DATA'!I$1:J$99,2,FALSE),"")
A80: 7-KADIN İÇİN UYGUN İSİMLER | B80: CATANIA | D80: =IF(C80>0,+AG80&"."&AI80&AJ80&"_"&AK80,"") | J80: 0 | K80: =IF(C80>0,C80,"") | AA80: =+IF($C80>0,VLOOKUP($B80,'CSM ACTIVE PRICE LIST'!$A$2:$F$1022,4,FALSE),"") | AB80: =+IF($C80>0,VLOOKUP($B80,'CSM ACTIVE PRICE LIST'!$A$2:$F$1022,5,FALSE),"") | AC80: =+IF($C80>0,VLOOKUP($B80,'CSM ACTIVE PRICE LIST'!$A$2:$F$1022,6,FALSE),"") | AE80: =+H80&J80 -> 0 | AG80: =IF($C80>0,+VLOOKUP(E80,'MASTER CODE DATA'!A$1:B$99,2,FALSE),"") | AH80: =IF(C80>0,+VLOOKUP(F80,'MASTER CODE DATA'!C$1:D$99,2,FALSE),"") | AI80: =IF(C80>0,+VLOOKUP(G80,'MASTER CODE DATA'!E$1:F$99,2,FALSE),"") | AJ80: =IF(C80>0,+VLOOKUP(H80,'MASTER CODE DATA'!G$1:H$99,2,FALSE),"") | AK80: =IF(C80>0,+VLOOKUP(I80,'MASTER CODE DATA'!I$1:J$99,2,FALSE),"")
A81: 2-WINTER NAMES | B81: CERVINIA | D81: =IF(C81>0,+AG81&"."&AI81&AJ81&"_"&AK81,"") | J81: 0 | K81: =IF(C81>0,C81,"") | AA81: =+IF($C81>0,VLOOKUP($B81,'CSM ACTIVE PRICE LIST'!$A$2:$F$1022,4,FALSE),"") | AB81: =+IF($C81>0,VLOOKUP($B81,'CSM ACTIVE PRICE LIST'!$A$2:$F$1022,5,FALSE),"") | AC81: =+IF($C81>0,VLOOKUP($B81,'CSM ACTIVE PRICE LIST'!$A$2:$F$1022,6,FALSE),"") | AE81: =+H81&J81 -> 0 | AG81: =IF($C81>0,+VLOOKUP(E81,'MASTER CODE DATA'!A$1:B$99,2,FALSE),"") | AH81: =IF(C81>0,+VLOOKUP(F81,'MASTER CODE DATA'!C$1:D$99,2,FALSE),"") | AI81: =IF(C81>0,+VLOOKUP(G81,'MASTER CODE DATA'!E$1:F$99,2,FALSE),"") | AJ81: =IF(C81>0,+VLOOKUP(H81,'MASTER CODE DATA'!G$1:H$99,2,FALSE),"") | AK81: =IF(C81>0,+VLOOKUP(I81,'MASTER CODE DATA'!I$1:J$99,2,FALSE),"")
A82: 5-COMPETITION NAMES | B82: CHARLESTON | D82: =IF(C82>0,+AG82&"."&AI82&AJ82&"_"&AK82,"") | J82: 0 | K82: =IF(C82>0,C82,"") | AA82: =+IF($C82>0,VLOOKUP($B82,'CSM ACTIVE PRICE LIST'!$A$2:$F$1022,4,FALSE),"") | AB82: =+IF($C82>0,VLOOKUP($B82,'CSM ACTIVE PRICE LIST'!$A$2:$F$1022,5,FALSE),"") | AC82: =+IF($C82>0,VLOOKUP($B82,'CSM ACTIVE PRICE LIST'!$A$2:$F$1022,6,FALSE),"") | AE82: =+H82&J82 -> 0 | AG82: =IF($C82>0,+VLOOKUP(E82,'MASTER CODE DATA'!A$1:B$99,2,FALSE),"") | AH82: =IF(C82>0,+VLOOKUP(F82,'MASTER CODE DATA'!C$1:D$99,2,FALSE),"") | AI82: =IF(C82>0,+VLOOKUP(G82,'MASTER CODE DATA'!E$1:F$99,2,FALSE),"") | AJ82: =IF(C82>0,+VLOOKUP(H82,'MASTER CODE DATA'!G$1:H$99,2,FALSE),"") | AK82: =IF(C82>0,+VLOOKUP(I82,'MASTER CODE DATA'!I$1:J$99,2,FALSE),"")
A83: 2-WINTER NAMES | B83: CHICAGO | C83: MEN'S FLEECE JUMPER | D83: =IF(C83>0,+AG83&"."&AI83&AJ83&"_"&AK83,"") -> R.S&JMN_JMP | E83: RIDER | F83: MEN | G83: SWEATS & JUMPERS | H83: MEN | I83: JUMPERS | J83: JUMPERS | K83: =IF(C83>0,C83,"") -> MEN'S FLEECE JUMPER | L83: CSM fleece jumpers are made with high quality fleece fabric to keep you warm in the horse world where you spend the majority of your time in the outdoors. | M83: *High density & soft fleece fabric *Extra-warm Composition: 100% Polyester | N83: Machine Wash at 30°C Mild process Do not bleach Do NOT Tumble Dry | O83: ERKEK POLAR HIRKA | P83: CSM polar hırkalar zamanınızın çoğunu açık havada geçirdiğiniz at dünyasında sizi sıcak tutmak için yüksek kaliteli polar kumaştan üretilmiştir. | Q83: * Yüksek denye & yumuşak polar kumaş * Extra sıcak tutma Kompozisyon: 100% Polyester | R83: Makinede 30°C' de Yıkayın Hassas Yıkama Çamaşır suyu kullanmayın Kurutma Makinesinde Kurutmayın | S83: FELPA DI PILE DA UOMO | T83: Felpe in pile CSM Realizzate con tessuto in pile di alta qualità per tenerti al caldo nel mondo dell'equitazione, dove trascorri la maggior parte del tuo tempo all'aperto. | U83: Tessuto in pile ad alta densità e morbidezza Extra caldo Composizione: 100% Poliestere | V83: Lavare in lavatrice a 30°C Ciclo delicato Non candeggiare Non asciugare in asciugatrice | AA83: =+IF($C83>0,VLOOKUP($B83,'CSM ACTIVE PRICE LIST'!$A$2:$F$1022,4,FALSE),"") -> 99.9 | AB83: =+IF($C83>0,VLOOKUP($B83,'CSM ACTIVE PRICE LIST'!$A$2:$F$1022,5,FALSE),"") -> 5490 | AC83: =+IF($C83>0,VLOOKUP($B83,'CSM ACTIVE PRICE LIST'!$A$2:$F$1022,6,FALSE),"") -> 114.885 | AD83: =+VLOOKUP(B83,'SKU LIST - LINKED'!C:W,21,FALSE) -> #N/A | AE83: =+H83&"-"&J83 -> MEN-JUMPERS | AF83: =+VLOOKUP(B83,'[1]STYLES & SIZE CHARTS'!$A:$H,8,FALSE) -> 0 | AG83: =IF($C83>0,+VLOOKUP(E83,'MASTER CODE DATA'!A$1:B$99,2,FALSE),"") -> R | AH83: =IF(C83>0,+VLOOKUP(F83,'MASTER CODE DATA'!C$1:D$99,2,FALSE),"") -> MEN | AI83: =IF(C83>0,+VLOOKUP(G83,'MASTER CODE DATA'!E$1:F$99,2,FALSE),"") -> S&J | AJ83: =IF(C83>0,+VLOOKUP(H83,'MASTER CODE DATA'!G$1:H$99,2,FALSE),"") -> MN | AK83: =IF(C83>0,+VLOOKUP(I83,'MASTER CODE DATA'!I$1:J$99,2,FALSE),"") -> JMP
A84: 4-GENERAL USE NAMES | B84: COLORADO | D84: =IF(C84>0,+AG84&"."&AI84&AJ84&"_"&AK84,"") | J84: 0 | K84: =IF(C84>0,C84,"") | AA84: =+IF($C84>0,VLOOKUP($B84,'CSM ACTIVE PRICE LIST'!$A$2:$F$1022,4,FALSE),"") | AB84: =+IF($C84>0,VLOOKUP($B84,'CSM ACTIVE PRICE LIST'!$A$2:$F$1022,5,FALSE),"") | AC84: =+IF($C84>0,VLOOKUP($B84,'CSM ACTIVE PRICE LIST'!$A$2:$F$1022,6,FALSE),"") | AE84: =+H84&J84 -> 0 | AG84: =IF($C84>0,+VLOOKUP(E84,'MASTER CODE DATA'!A$1:B$99,2,FALSE),"") | AH84: =IF(C84>0,+VLOOKUP(F84,'MASTER CODE DATA'!C$1:D$99,2,FALSE),"") | AI84: =IF(C84>0,+VLOOKUP(G84,'MASTER CODE DATA'!E$1:F$99,2,FALSE),"") | AJ84: =IF(C84>0,+VLOOKUP(H84,'MASTER CODE DATA'!G$1:H$99,2,FALSE),"") | AK84: =IF(C84>0,+VLOOKUP(I84,'MASTER CODE DATA'!I$1:J$99,2,FALSE),"")
A85: 5-COMPETITION NAMES | B85: COMO | D85: =IF(C85>0,+AG85&"."&AI85&AJ85&"_"&AK85,"") | J85: 0 | K85: =IF(C85>0,C85,"") | AA85: =+IF($C85>0,VLOOKUP($B85,'CSM ACTIVE PRICE LIST'!$A$2:$F$1022,4,FALSE),"") | AB85: =+IF($C85>0,VLOOKUP($B85,'CSM ACTIVE PRICE LIST'!$A$2:$F$1022,5,FALSE),"") | AC85: =+IF($C85>0,VLOOKUP($B85,'CSM ACTIVE PRICE LIST'!$A$2:$F$1022,6,FALSE),"") | AE85: =+H85&J85 -> 0 | AG85: =IF($C85>0,+VLOOKUP(E85,'MASTER CODE DATA'!A$1:B$99,2,FALSE),"") | AH85: =IF(C85>0,+VLOOKUP(F85,'MASTER CODE DATA'!C$1:D$99,2,FALSE),"") | AI85: =IF(C85>0,+VLOOKUP(G85,'MASTER CODE DATA'!E$1:F$99,2,FALSE),"") | AJ85: =IF(C85>0,+VLOOKUP(H85,'MASTER CODE DATA'!G$1:H$99,2,FALSE),"") | AK85: =IF(C85>0,+VLOOKUP(I85,'MASTER CODE DATA'!I$1:J$99,2,FALSE),"")
A86: 4-GENERAL USE NAMES | B86: CONNECTICUT | D86: =IF(C86>0,+AG86&"."&AI86&AJ86&"_"&AK86,"") | J86: 0 | K86: =IF(C86>0,C86,"") | AA86: =+IF($C86>0,VLOOKUP($B86,'CSM ACTIVE PRICE LIST'!$A$2:$F$1022,4,FALSE),"") | AB86: =+IF($C86>0,VLOOKUP($B86,'CSM ACTIVE PRICE LIST'!$A$2:$F$1022,5,FALSE),"") | AC86: =+IF($C86>0,VLOOKUP($B86,'CSM ACTIVE PRICE LIST'!$A$2:$F$1022,6,FALSE),"") | AE86: =+H86&J86 -> 0 | AG86: =IF($C86>0,+VLOOKUP(E86,'MASTER CODE DATA'!A$1:B$99,2,FALSE),"") | AH86: =IF(C86>0,+VLOOKUP(F86,'MASTER CODE DATA'!C$1:D$99,2,FALSE),"") | AI86: =IF(C86>0,+VLOOKUP(G86,'MASTER CODE DATA'!E$1:F$99,2,FALSE),"") | AJ86: =IF(C86>0,+VLOOKUP(H86,'MASTER CODE DATA'!G$1:H$99,2,FALSE),"") | AK86: =IF(C86>0,+VLOOKUP(I86,'MASTER CODE DATA'!I$1:J$99,2,FALSE),"")
A87: 2-WINTER NAMES | B87: COPENHAGEN | C87: MEN'S LONG SLEEVE BASE LAYER | D87: =IF(C87>0,+AG87&"."&AI87&AJ87&"_"&AK87,"") -> R.TOPMN_BLY | E87: RIDER | F87: MEN | G87: TOPS | H87: MEN | I87: BASE LAYERS | J87: BASE LAYERS | K87: =IF(C87>0,C87,"") -> MEN'S LONG SLEEVE BASE LAYER | L87: COPENHAGEN Long Sleeve Base Layer / Second Skin Soft, comfortable and technical Ventilation fabric under arms and back neck to increase breathing These elegant base layers are designed to ride and train in style. | M87: *Extra-soft and comfortable technical jersey * 4-way stretch fabric * Breathable and Quick Dry * Wrinkle-free and Easy Care Composition: 90% Polyamide 10% Elasthane | N87: Machine Wash at 30°C Mild process Iron at low temperature Iron from REVERSE Do NOT iron on logos or prints Do not bleach Do NOT Tumble Dry | O87: ERKEK UZUN KOL T-SHIRT | P87: COPENHAGEN Fermuarlı Uzun Kol Antrenman T-shirt / Second Skin Şık, konforlu ve teknik Hava alması için kol altlarında ve boyun arkasında özel havalandırma panelleri Bu zarif t-shirtler, şık bir şekilde ata binmeniz ve antrenman yapmanız için tasarlanmıştır. | Q87: *Ekstra yumuşak ve rahat teknik örme kumaş * 4 yöne esneyen kumaş * Nefes Alabilir ve Hızlı Kuruma * Kırışmaz ve Bakımı Kolay Kompozisyon: %90 Poliamid %10 Elastan | R87: Makinede 30°C' de Yıkayın Hassas Yıkama Ilık ütü yapın Tersten ütüleyin Logo ve baskıları ÜTÜLEMEYİN Çamaşır suyu kullanmayın Kurutma Makinesinde Kurutmayın | S87: MAGLIETTA MANICA LUNGA DA UOMO | T87: COPENHAGEN Maglietta tecnica a mezza zip / Second Skin Morbida, confortevole e tecnica Queste magliette elegante sono progettati per cavalcare e allenarsi con stile. | U87: Jersey tecnico extra-morbido e confortevole Tessuto elasticizzato 4-way stretch Traspirante e ad asciugatura rapida No stiro e di facile manutenzione Composizione: 90% Poliammide, 10% Elastan | V87: Lavare in lavatrice a 30°C Ciclo delicato Stirare a bassa temperatura Stirare al rovescio Non stirare su loghi o stampe Non candeggiare Non asciugare in asciugatrice | AA87: =+IF($C87>0,VLOOKUP($B87,'CSM ACTIVE PRICE LIST'!$A$2:$F$1022,4,FALSE),"") -> 99.9 | AB87: =+IF($C87>0,VLOOKUP($B87,'CSM ACTIVE PRICE LIST'!$A$2:$F$1022,5,FALSE),"") -> 5490 | AC87: =+IF($C87>0,VLOOKUP($B87,'CSM ACTIVE PRICE LIST'!$A$2:$F$1022,6,FALSE),"") -> 114.885 | AD87: =+VLOOKUP(B87,'SKU LIST - LINKED'!C:W,21,FALSE) -> XS;S;M;L;XL;XXL | AE87: =+H87&"-"&J87 -> MEN-BASE LAYERS | AF87: =+VLOOKUP(B87,'[1]STYLES & SIZE CHARTS'!$A:$H,8,FALSE) -> MT-LSBL1 | AG87: =IF($C87>0,+VLOOKUP(E87,'MASTER CODE DATA'!A$1:B$99,2,FALSE),"") -> R | AH87: =IF(C87>0,+VLOOKUP(F87,'MASTER CODE DATA'!C$1:D$99,2,FALSE),"") -> MEN | AI87: =IF(C87>0,+VLOOKUP(G87,'MASTER CODE DATA'!E$1:F$99,2,FALSE),"") -> TOP | AJ87: =IF(C87>0,+VLOOKUP(H87,'MASTER CODE DATA'!G$1:H$99,2,FALSE),"") -> MN | AK87: =IF(C87>0,+VLOOKUP(I87,'MASTER CODE DATA'!I$1:J$99,2,FALSE),"") -> BLY
A88: 6-ERKEK İÇİN UYGUN İSİMLER | B88: CORDOBA | D88: =IF(C88>0,+AG88&"."&AI88&AJ88&"_"&AK88,"") | J88: 0 | K88: =IF(C88>0,C88,"") | AA88: =+IF($C88>0,VLOOKUP($B88,'CSM ACTIVE PRICE LIST'!$A$2:$F$1022,4,FALSE),"") | AB88: =+IF($C88>0,VLOOKUP($B88,'CSM ACTIVE PRICE LIST'!$A$2:$F$1022,5,FALSE),"") | AC88: =+IF($C88>0,VLOOKUP($B88,'CSM ACTIVE PRICE LIST'!$A$2:$F$1022,6,FALSE),"") | AE88: =+H88&J88 -> 0 | AG88: =IF($C88>0,+VLOOKUP(E88,'MASTER CODE DATA'!A$1:B$99,2,FALSE),"") | AH88: =IF(C88>0,+VLOOKUP(F88,'MASTER CODE DATA'!C$1:D$99,2,FALSE),"") | AI88: =IF(C88>0,+VLOOKUP(G88,'MASTER CODE DATA'!E$1:F$99,2,FALSE),"") | AJ88: =IF(C88>0,+VLOOKUP(H88,'MASTER CODE DATA'!G$1:H$99,2,FALSE),"") | AK88: =IF(C88>0,+VLOOKUP(I88,'MASTER CODE DATA'!I$1:J$99,2,FALSE),"")
A89: 3-SUMMER NAMES | B89: COSTA RICA | D89: =IF(C89>0,+AG89&"."&AI89&AJ89&"_"&AK89,"") | J89: 0 | K89: =IF(C89>0,C89,"") | AA89: =+IF($C89>0,VLOOKUP($B89,'CSM ACTIVE PRICE LIST'!$A$2:$F$1022,4,FALSE),"") | AB89: =+IF($C89>0,VLOOKUP($B89,'CSM ACTIVE PRICE LIST'!$A$2:$F$1022,5,FALSE),"") | AC89: =+IF($C89>0,VLOOKUP($B89,'CSM ACTIVE PRICE LIST'!$A$2:$F$1022,6,FALSE),"") | AE89: =+H89&J89 -> 0 | AG89: =IF($C89>0,+VLOOKUP(E89,'MASTER CODE DATA'!A$1:B$99,2,FALSE),"") | AH89: =IF(C89>0,+VLOOKUP(F89,'MASTER CODE DATA'!C$1:D$99,2,FALSE),"") | AI89: =IF(C89>0,+VLOOKUP(G89,'MASTER CODE DATA'!E$1:F$99,2,FALSE),"") | AJ89: =IF(C89>0,+VLOOKUP(H89,'MASTER CODE DATA'!G$1:H$99,2,FALSE),"") | AK89: =IF(C89>0,+VLOOKUP(I89,'MASTER CODE DATA'!I$1:J$99,2,FALSE),"")
A90: 9-ELEGANT, ELITE NAMES | B90: COVENTRY | D90: =IF(C90>0,+AG90&"."&AI90&AJ90&"_"&AK90,"") | J90: 0 | K90: =IF(C90>0,C90,"") | AA90: =+IF($C90>0,VLOOKUP($B90,'CSM ACTIVE PRICE LIST'!$A$2:$F$1022,4,FALSE),"") | AB90: =+IF($C90>0,VLOOKUP($B90,'CSM ACTIVE PRICE LIST'!$A$2:$F$1022,5,FALSE),"") | AC90: =+IF($C90>0,VLOOKUP($B90,'CSM ACTIVE PRICE LIST'!$A$2:$F$1022,6,FALSE),"") | AE90: =+H90&J90 -> 0 | AG90: =IF($C90>0,+VLOOKUP(E90,'MASTER CODE DATA'!A$1:B$99,2,FALSE),"") | AH90: =IF(C90>0,+VLOOKUP(F90,'MASTER CODE DATA'!C$1:D$99,2,FALSE),"") | AI90: =IF(C90>0,+VLOOKUP(G90,'MASTER CODE DATA'!E$1:F$99,2,FALSE),"") | AJ90: =IF(C90>0,+VLOOKUP(H90,'MASTER CODE DATA'!G$1:H$99,2,FALSE),"") | AK90: =IF(C90>0,+VLOOKUP(I90,'MASTER CODE DATA'!I$1:J$99,2,FALSE),"")
A91: 3-SUMMER NAMES | B91: CUBA | D91: =IF(C91>0,+AG91&"."&AI91&AJ91&"_"&AK91,"") | J91: 0 | K91: =IF(C91>0,C91,"") | AA91: =+IF($C91>0,VLOOKUP($B91,'CSM ACTIVE PRICE LIST'!$A$2:$F$1022,4,FALSE),"") | AB91: =+IF($C91>0,VLOOKUP($B91,'CSM ACTIVE PRICE LIST'!$A$2:$F$1022,5,FALSE),"") | AC91: =+IF($C91>0,VLOOKUP($B91,'CSM ACTIVE PRICE LIST'!$A$2:$F$1022,6,FALSE),"") | AE91: =+H91&J91 -> 0 | AG91: =IF($C91>0,+VLOOKUP(E91,'MASTER CODE DATA'!A$1:B$99,2,FALSE),"") | AH91: =IF(C91>0,+VLOOKUP(F91,'MASTER CODE DATA'!C$1:D$99,2,FALSE),"") | AI91: =IF(C91>0,+VLOOKUP(G91,'MASTER CODE DATA'!E$1:F$99,2,FALSE),"") | AJ91: =IF(C91>0,+VLOOKUP(H91,'MASTER CODE DATA'!G$1:H$99,2,FALSE),"") | AK91: =IF(C91>0,+VLOOKUP(I91,'MASTER CODE DATA'!I$1:J$99,2,FALSE),"")
A92: 3-SUMMER NAMES | B92: DAKAR | D92: =IF(C92>0,+AG92&"."&AI92&AJ92&"_"&AK92,"") | J92: 0 | K92: =IF(C92>0,C92,"") | AA92: =+IF($C92>0,VLOOKUP($B92,'CSM ACTIVE PRICE LIST'!$A$2:$F$1022,4,FALSE),"") | AB92: =+IF($C92>0,VLOOKUP($B92,'CSM ACTIVE PRICE LIST'!$A$2:$F$1022,5,FALSE),"") | AC92: =+IF($C92>0,VLOOKUP($B92,'CSM ACTIVE PRICE LIST'!$A$2:$F$1022,6,FALSE),"") | AE92: =+H92&J92 -> 0 | AG92: =IF($C92>0,+VLOOKUP(E92,'MASTER CODE DATA'!A$1:B$99,2,FALSE),"") | AH92: =IF(C92>0,+VLOOKUP(F92,'MASTER CODE DATA'!C$1:D$99,2,FALSE),"") | AI92: =IF(C92>0,+VLOOKUP(G92,'MASTER CODE DATA'!E$1:F$99,2,FALSE),"") | AJ92: =IF(C92>0,+VLOOKUP(H92,'MASTER CODE DATA'!G$1:H$99,2,FALSE),"") | AK92: =IF(C92>0,+VLOOKUP(I92,'MASTER CODE DATA'!I$1:J$99,2,FALSE),"")
A93: 5-COMPETITION NAMES | B93: DAKOTA | D93: =IF(C93>0,+AG93&"."&AI93&AJ93&"_"&AK93,"") | J93: 0 | K93: =IF(C93>0,C93,"") | AA93: =+IF($C93>0,VLOOKUP($B93,'CSM ACTIVE PRICE LIST'!$A$2:$F$1022,4,FALSE),"") | AB93: =+IF($C93>0,VLOOKUP($B93,'CSM ACTIVE PRICE LIST'!$A$2:$F$1022,5,FALSE),"") | AC93: =+IF($C93>0,VLOOKUP($B93,'CSM ACTIVE PRICE LIST'!$A$2:$F$1022,6,FALSE),"") | AE93: =+H93&J93 -> 0 | AG93: =IF($C93>0,+VLOOKUP(E93,'MASTER CODE DATA'!A$1:B$99,2,FALSE),"") | AH93: =IF(C93>0,+VLOOKUP(F93,'MASTER CODE DATA'!C$1:D$99,2,FALSE),"") | AI93: =IF(C93>0,+VLOOKUP(G93,'MASTER CODE DATA'!E$1:F$99,2,FALSE),"") | AJ93: =IF(C93>0,+VLOOKUP(H93,'MASTER CODE DATA'!G$1:H$99,2,FALSE),"") | AK93: =IF(C93>0,+VLOOKUP(I93,'MASTER CODE DATA'!I$1:J$99,2,FALSE),"")
A94: 4-GENERAL USE NAMES | B94: DALLAS | D94: =IF(C94>0,+AG94&"."&AI94&AJ94&"_"&AK94,"") | J94: 0 | K94: =IF(C94>0,C94,"") | AA94: =+IF($C94>0,VLOOKUP($B94,'CSM ACTIVE PRICE LIST'!$A$2:$F$1022,4,FALSE),"") | AB94: =+IF($C94>0,VLOOKUP($B94,'CSM ACTIVE PRICE LIST'!$A$2:$F$1022,5,FALSE),"") | AC94: =+IF($C94>0,VLOOKUP($B94,'CSM ACTIVE PRICE LIST'!$A$2:$F$1022,6,FALSE),"") | AE94: =+H94&J94 -> 0 | AG94: =IF($C94>0,+VLOOKUP(E94,'MASTER CODE DATA'!A$1:B$99,2,FALSE),"") | AH94: =IF(C94>0,+VLOOKUP(F94,'MASTER CODE DATA'!C$1:D$99,2,FALSE),"") | AI94: =IF(C94>0,+VLOOKUP(G94,'MASTER CODE DATA'!E$1:F$99,2,FALSE),"") | AJ94: =IF(C94>0,+VLOOKUP(H94,'MASTER CODE DATA'!G$1:H$99,2,FALSE),"") | AK94: =IF(C94>0,+VLOOKUP(I94,'MASTER CODE DATA'!I$1:J$99,2,FALSE),"")
A95: 4-GENERAL USE NAMES | B95: DELAWARE | D95: =IF(C95>0,+AG95&"."&AI95&AJ95&"_"&AK95,"") | J95: 0 | K95: =IF(C95>0,C95,"") | AA95: =+IF($C95>0,VLOOKUP($B95,'CSM ACTIVE PRICE LIST'!$A$2:$F$1022,4,FALSE),"") | AB95: =+IF($C95>0,VLOOKUP($B95,'CSM ACTIVE PRICE LIST'!$A$2:$F$1022,5,FALSE),"") | AC95: =+IF($C95>0,VLOOKUP($B95,'CSM ACTIVE PRICE LIST'!$A$2:$F$1022,6,FALSE),"") | AE95: =+H95&J95 -> 0 | AG95: =IF($C95>0,+VLOOKUP(E95,'MASTER CODE DATA'!A$1:B$99,2,FALSE),"") | AH95: =IF(C95>0,+VLOOKUP(F95,'MASTER CODE DATA'!C$1:D$99,2,FALSE),"") | AI95: =IF(C95>0,+VLOOKUP(G95,'MASTER CODE DATA'!E$1:F$99,2,FALSE),"") | AJ95: =IF(C95>0,+VLOOKUP(H95,'MASTER CODE DATA'!G$1:H$99,2,FALSE),"") | AK95: =IF(C95>0,+VLOOKUP(I95,'MASTER CODE DATA'!I$1:J$99,2,FALSE),"")
A96: 4-GENERAL USE NAMES | B96: DENVER | D96: =IF(C96>0,+AG96&"."&AI96&AJ96&"_"&AK96,"") | J96: 0 | K96: =IF(C96>0,C96,"") | AA96: =+IF($C96>0,VLOOKUP($B96,'CSM ACTIVE PRICE LIST'!$A$2:$F$1022,4,FALSE),"") | AB96: =+IF($C96>0,VLOOKUP($B96,'CSM ACTIVE PRICE LIST'!$A$2:$F$1022,5,FALSE),"") | AC96: =+IF($C96>0,VLOOKUP($B96,'CSM ACTIVE PRICE LIST'!$A$2:$F$1022,6,FALSE),"") | AE96: =+H96&J96 -> 0 | AG96: =IF($C96>0,+VLOOKUP(E96,'MASTER CODE DATA'!A$1:B$99,2,FALSE),"") | AH96: =IF(C96>0,+VLOOKUP(F96,'MASTER CODE DATA'!C$1:D$99,2,FALSE),"") | AI96: =IF(C96>0,+VLOOKUP(G96,'MASTER CODE DATA'!E$1:F$99,2,FALSE),"") | AJ96: =IF(C96>0,+VLOOKUP(H96,'MASTER CODE DATA'!G$1:H$99,2,FALSE),"") | AK96: =IF(C96>0,+VLOOKUP(I96,'MASTER CODE DATA'!I$1:J$99,2,FALSE),"")
A97: 5-COMPETITION NAMES | B97: DERBY | D97: =IF(C97>0,+AG97&"."&AI97&AJ97&"_"&AK97,"") | J97: 0 | K97: =IF(C97>0,C97,"") | AA97: =+IF($C97>0,VLOOKUP($B97,'CSM ACTIVE PRICE LIST'!$A$2:$F$1022,4,FALSE),"") | AB97: =+IF($C97>0,VLOOKUP($B97,'CSM ACTIVE PRICE LIST'!$A$2:$F$1022,5,FALSE),"") | AC97: =+IF($C97>0,VLOOKUP($B97,'CSM ACTIVE PRICE LIST'!$A$2:$F$1022,6,FALSE),"") | AE97: =+H97&J97 -> 0 | AG97: =IF($C97>0,+VLOOKUP(E97,'MASTER CODE DATA'!A$1:B$99,2,FALSE),"") | AH97: =IF(C97>0,+VLOOKUP(F97,'MASTER CODE DATA'!C$1:D$99,2,FALSE),"") | AI97: =IF(C97>0,+VLOOKUP(G97,'MASTER CODE DATA'!E$1:F$99,2,FALSE),"") | AJ97: =IF(C97>0,+VLOOKUP(H97,'MASTER CODE DATA'!G$1:H$99,2,FALSE),"") | AK97: =IF(C97>0,+VLOOKUP(I97,'MASTER CODE DATA'!I$1:J$99,2,FALSE),"")
A98: 7-KADIN İÇİN UYGUN İSİMLER | B98: DEVON | D98: =IF(C98>0,+AG98&"."&AI98&AJ98&"_"&AK98,"") | J98: 0 | K98: =IF(C98>0,C98,"") | AA98: =+IF($C98>0,VLOOKUP($B98,'CSM ACTIVE PRICE LIST'!$A$2:$F$1022,4,FALSE),"") | AB98: =+IF($C98>0,VLOOKUP($B98,'CSM ACTIVE PRICE LIST'!$A$2:$F$1022,5,FALSE),"") | AC98: =+IF($C98>0,VLOOKUP($B98,'CSM ACTIVE PRICE LIST'!$A$2:$F$1022,6,FALSE),"") | AE98: =+H98&J98 -> 0 | AG98: =IF($C98>0,+VLOOKUP(E98,'MASTER CODE DATA'!A$1:B$99,2,FALSE),"") | AH98: =IF(C98>0,+VLOOKUP(F98,'MASTER CODE DATA'!C$1:D$99,2,FALSE),"") | AI98: =IF(C98>0,+VLOOKUP(G98,'MASTER CODE DATA'!E$1:F$99,2,FALSE),"") | AJ98: =IF(C98>0,+VLOOKUP(H98,'MASTER CODE DATA'!G$1:H$99,2,FALSE),"") | AK98: =IF(C98>0,+VLOOKUP(I98,'MASTER CODE DATA'!I$1:J$99,2,FALSE),"")
A99: 5-COMPETITION NAMES | B99: DOHA | D99: =IF(C99>0,+AG99&"."&AI99&AJ99&"_"&AK99,"") | J99: 0 | K99: =IF(C99>0,C99,"") | AA99: =+IF($C99>0,VLOOKUP($B99,'CSM ACTIVE PRICE LIST'!$A$2:$F$1022,4,FALSE),"") | AB99: =+IF($C99>0,VLOOKUP($B99,'CSM ACTIVE PRICE LIST'!$A$2:$F$1022,5,FALSE),"") | AC99: =+IF($C99>0,VLOOKUP($B99,'CSM ACTIVE PRICE LIST'!$A$2:$F$1022,6,FALSE),"") | AE99: =+H99&J99 -> 0 | AG99: =IF($C99>0,+VLOOKUP(E99,'MASTER CODE DATA'!A$1:B$99,2,FALSE),"") | AH99: =IF(C99>0,+VLOOKUP(F99,'MASTER CODE DATA'!C$1:D$99,2,FALSE),"") | AI99: =IF(C99>0,+VLOOKUP(G99,'MASTER CODE DATA'!E$1:F$99,2,FALSE),"") | AJ99: =IF(C99>0,+VLOOKUP(H99,'MASTER CODE DATA'!G$1:H$99,2,FALSE),"") | AK99: =IF(C99>0,+VLOOKUP(I99,'MASTER CODE DATA'!I$1:J$99,2,FALSE),"")
A100: 1-TOP NAMES | B100: DUBAI | D100: =IF(C100>0,+AG100&"."&AI100&AJ100&"_"&AK100,"") | J100: 0 | K100: =IF(C100>0,C100,"") | AA100: =+IF($C100>0,VLOOKUP($B100,'CSM ACTIVE PRICE LIST'!$A$2:$F$1022,4,FALSE),"") | AB100: =+IF($C100>0,VLOOKUP($B100,'CSM ACTIVE PRICE LIST'!$A$2:$F$1022,5,FALSE),"") | AC100: =+IF($C100>0,VLOOKUP($B100,'CSM ACTIVE PRICE LIST'!$A$2:$F$1022,6,FALSE),"") | AE100: =+H100&J100 -> 0 | AG100: =IF($C100>0,+VLOOKUP(E100,'MASTER CODE DATA'!A$1:B$99,2,FALSE),"") | AH100: =IF(C100>0,+VLOOKUP(F100,'MASTER CODE DATA'!C$1:D$99,2,FALSE),"") | AI100: =IF(C100>0,+VLOOKUP(G100,'MASTER CODE DATA'!E$1:F$99,2,FALSE),"") | AJ100: =IF(C100>0,+VLOOKUP(H100,'MASTER CODE DATA'!G$1:H$99,2,FALSE),"") | AK100: =IF(C100>0,+VLOOKUP(I100,'MASTER CODE DATA'!I$1:J$99,2,FALSE),"")
A101: 2-WINTER NAMES | B101: DUBLIN | C101: COOLER BLANKET | D101: =IF(C101>0,+AG101&"."&AI101&AJ101&"_"&AK101,"") -> H.RUGFL_COO | E101: HORSE | F101: HORSE | G101: RUGS | H101: FULL | I101: COOLER BLANKETS | J101: COOLER BLANKETS | K101: =IF(C101>0,C101,"") -> COOLER BLANKET | L101: Tartan knitted cooler blanket An alternative and a different approach to fleece coolers. Lighter weight and stylish Your horse will be noticed with these designer cooler blankets | M101: *Lighter weight *Yarn-dyed knitted fabric Composition: Cotton, Acrylic, Polyester | N101: Machine Wash at 30°C Mild process Do not bleach Do NOT Tumble Dry | O101: TER BLANKETİ | P101: Tartan desenli örme ter blanketi Klasik ter blanketlerine alternatif bir yaklaşım Bu hafif ve şık ter blanketleri ile atıınız hemen farkedilecek | Q101: * Hafif kumaş * Desenli örme kumaş Kompozisyon: Pamuk, Akrilik, Polyester | R101: Makinede 30°C' de Yıkayın Hassas Yıkama Çamaşır suyu kullanmayın Kurutma Makinesinde Kurutmayın | S101: COPERTA DA RAFFREDDEMENTO | T101: Coperta refrigerante lavorata a maglia tartan Un'alternativa e un approccio diverso ai cooler in pile Più leggera e alla moda Il tuo cavallo sarà notato con queste coperte refrigeranti dal design esclusivo | U101: Più leggera Tessuto lavorato a maglia tinto in filo Composizione: Cotone, Acrilico, Poliestere | V101: Lavare in lavatrice a 30°C Ciclo delicato Non candeggiare Non asciugare in asciugatrice | AA101: =+IF($C101>0,VLOOKUP($B101,'CSM ACTIVE PRICE LIST'!$A$2:$F$1022,4,FALSE),"") -> 99.9 | AB101: =+IF($C101>0,VLOOKUP($B101,'CSM ACTIVE PRICE LIST'!$A$2:$F$1022,5,FALSE),"") -> 5490 | AC101: =+IF($C101>0,VLOOKUP($B101,'CSM ACTIVE PRICE LIST'!$A$2:$F$1022,6,FALSE),"") -> 114.885 | AD101: =+VLOOKUP(B101,'SKU LIST - LINKED'!C:W,21,FALSE) -> S;M;L;XL | AE101: =+H101&"-"&J101 -> FULL-COOLER BLANKETS | AF101: =+VLOOKUP(B101,'[1]STYLES & SIZE CHARTS'!$A:$H,8,FALSE) -> HP-RUGS1 | AG101: =IF($C101>0,+VLOOKUP(E101,'MASTER CODE DATA'!A$1:B$99,2,FALSE),"") -> H | AH101: =IF(C101>0,+VLOOKUP(F101,'MASTER CODE DATA'!C$1:D$99,2,FALSE),"") -> HRS | AI101: =IF(C101>0,+VLOOKUP(G101,'MASTER CODE DATA'!E$1:F$99,2,FALSE),"") -> RUG | AJ101: =IF(C101>0,+VLOOKUP(H101,'MASTER CODE DATA'!G$1:H$99,2,FALSE),"") -> FL | AK101: =IF(C101>0,+VLOOKUP(I101,'MASTER CODE DATA'!I$1:J$99,2,FALSE),"") -> COO
A102: 2-WINTER NAMES | B102: DUBLIN-P | C102: COOLER BLANKET | D102: =IF(C102>0,+AG102&"."&AI102&AJ102&"_"&AK102,"") -> H.RUGPN_COO | E102: HORSE | F102: PONY | G102: RUGS | H102: PONY | I102: COOLER BLANKETS | J102: COOLER BLANKETS | K102: =IF(C102>0,H102&" - "&C102,"") -> PONY - COOLER BLANKET | L102: Tartan knitted Pony cooler blanket An alternative and a different approach to fleece coolers. Lighter weight and stylish Your horse will be noticed with these designer cooler blankets | M102: *Lighter weight *Yarn-dyed knitted fabric Composition: Cotton, Acrylic, Polyester | N102: Machine Wash at 30°C Mild process Do not bleach Do NOT Tumble Dry | O102: PONY TER BLANKETİ | P102: Tartan desenli örme Pony ter blanketi Klasik ter blanketlerine alternatif bir yaklaşım Bu hafif ve şık ter blanketleri ile atıınız hemen farkedilecek | Q102: * Hafif kumaş * Desenli örme kumaş Kompozisyon: Pamuk, Akrilik, Polyester | R102: Makinede 30°C' de Yıkayın Hassas Yıkama Çamaşır suyu kullanmayın Kurutma Makinesinde Kurutmayın | S102: COPERTA DA RAFFREDDEMENTO X PONY | T102: Coperta refrigerante Pony lavorata a maglia tartan Un'alternativa e un approccio diverso ai cooler in pile Più leggera e alla moda Il tuo cavallo sarà notato con queste coperte refrigeranti dal design esclusivo | U102: Più leggera Tessuto lavorato a maglia tinto in filo Composizione: Cotone, Acrilico, Poliestere | V102: Lavare in lavatrice a 30°C Ciclo delicato Non candeggiare Non asciugare in asciugatrice | AA102: =+IF($C102>0,VLOOKUP($B102,'CSM ACTIVE PRICE LIST'!$A$2:$F$1022,4,FALSE),"") -> 99.9 | AB102: =+IF($C102>0,VLOOKUP($B102,'CSM ACTIVE PRICE LIST'!$A$2:$F$1022,5,FALSE),"") -> 5490 | AC102: =+IF($C102>0,VLOOKUP($B102,'CSM ACTIVE PRICE LIST'!$A$2:$F$1022,6,FALSE),"") -> 114.885 | AD102: =+VLOOKUP(B102,'SKU LIST - LINKED'!C:W,21,FALSE) -> XXS;XS | AE102: =+H102&"-"&J102 -> PONY-COOLER BLANKETS | AF102: =+VLOOKUP(B102,'[1]STYLES & SIZE CHARTS'!$A:$H,8,FALSE) -> HP-RUGS1 | AG102: =IF($C102>0,+VLOOKUP(E102,'MASTER CODE DATA'!A$1:B$99,2,FALSE),"") -> H | AH102: =IF(C102>0,+VLOOKUP(F102,'MASTER CODE DATA'!C$1:D$99,2,FALSE),"") -> PNY | AI102: =IF(C102>0,+VLOOKUP(G102,'MASTER CODE DATA'!E$1:F$99,2,FALSE),"") -> RUG | AJ102: =IF(C102>0,+VLOOKUP(H102,'MASTER CODE DATA'!G$1:H$99,2,FALSE),"") -> PN | AK102: =IF(C102>0,+VLOOKUP(I102,'MASTER CODE DATA'!I$1:J$99,2,FALSE),"") -> COO
A103: 9-ELEGANT, ELITE NAMES | B103: EDINBURGH | D103: =IF(C103>0,+AG103&"."&AI103&AJ103&"_"&AK103,"") | J103: 0 | K103: =IF(C103>0,C103,"") | AA103: =+IF($C103>0,VLOOKUP($B103,'CSM ACTIVE PRICE LIST'!$A$2:$F$1022,4,FALSE),"") | AB103: =+IF($C103>0,VLOOKUP($B103,'CSM ACTIVE PRICE LIST'!$A$2:$F$1022,5,FALSE),"") | AC103: =+IF($C103>0,VLOOKUP($B103,'CSM ACTIVE PRICE LIST'!$A$2:$F$1022,6,FALSE),"") | AE103: =+H103&J103 -> 0 | AG103: =IF($C103>0,+VLOOKUP(E103,'MASTER CODE DATA'!A$1:B$99,2,FALSE),"") | AH103: =IF(C103>0,+VLOOKUP(F103,'MASTER CODE DATA'!C$1:D$99,2,FALSE),"") | AI103: =IF(C103>0,+VLOOKUP(G103,'MASTER CODE DATA'!E$1:F$99,2,FALSE),"") | AJ103: =IF(C103>0,+VLOOKUP(H103,'MASTER CODE DATA'!G$1:H$99,2,FALSE),"") | AK103: =IF(C103>0,+VLOOKUP(I103,'MASTER CODE DATA'!I$1:J$99,2,FALSE),"")
A104: 5-COMPETITION NAMES | B104: ELBA | D104: =IF(C104>0,+AG104&"."&AI104&AJ104&"_"&AK104,"") | J104: 0 | K104: =IF(C104>0,C104,"") | AA104: =+IF($C104>0,VLOOKUP($B104,'CSM ACTIVE PRICE LIST'!$A$2:$F$1022,4,FALSE),"") | AB104: =+IF($C104>0,VLOOKUP($B104,'CSM ACTIVE PRICE LIST'!$A$2:$F$1022,5,FALSE),"") | AC104: =+IF($C104>0,VLOOKUP($B104,'CSM ACTIVE PRICE LIST'!$A$2:$F$1022,6,FALSE),"") | AE104: =+H104&J104 -> 0 | AG104: =IF($C104>0,+VLOOKUP(E104,'MASTER CODE DATA'!A$1:B$99,2,FALSE),"") | AH104: =IF(C104>0,+VLOOKUP(F104,'MASTER CODE DATA'!C$1:D$99,2,FALSE),"") | AI104: =IF(C104>0,+VLOOKUP(G104,'MASTER CODE DATA'!E$1:F$99,2,FALSE),"") | AJ104: =IF(C104>0,+VLOOKUP(H104,'MASTER CODE DATA'!G$1:H$99,2,FALSE),"") | AK104: =IF(C104>0,+VLOOKUP(I104,'MASTER CODE DATA'!I$1:J$99,2,FALSE),"")
A105: SPECIAL NAMES | B105: ELEGANTE | D105: =IF(C105>0,+AG105&"."&AI105&AJ105&"_"&AK105,"") | J105: 0 | K105: =IF(C105>0,C105,"") | AA105: =+IF($C105>0,VLOOKUP($B105,'CSM ACTIVE PRICE LIST'!$A$2:$F$1022,4,FALSE),"") | AB105: =+IF($C105>0,VLOOKUP($B105,'CSM ACTIVE PRICE LIST'!$A$2:$F$1022,5,FALSE),"") | AC105: =+IF($C105>0,VLOOKUP($B105,'CSM ACTIVE PRICE LIST'!$A$2:$F$1022,6,FALSE),"") | AE105: =+H105&J105 -> 0 | AG105: =IF($C105>0,+VLOOKUP(E105,'MASTER CODE DATA'!A$1:B$99,2,FALSE),"") | AH105: =IF(C105>0,+VLOOKUP(F105,'MASTER CODE DATA'!C$1:D$99,2,FALSE),"") | AI105: =IF(C105>0,+VLOOKUP(G105,'MASTER CODE DATA'!E$1:F$99,2,FALSE),"") | AJ105: =IF(C105>0,+VLOOKUP(H105,'MASTER CODE DATA'!G$1:H$99,2,FALSE),"") | AK105: =IF(C105>0,+VLOOKUP(I105,'MASTER CODE DATA'!I$1:J$99,2,FALSE),"")
A106: 5-COMPETITION NAMES | B106: ENZA | C106: WOMEN'S COMPETITION POLO SHORT SLEEVE | D106: =IF(C106>0,+AG106&"."&AI106&AJ106&"_"&AK106,"") -> R.TOPWN_CPL | E106: RIDER | F106: WOMEN | G106: TOPS | H106: WOMEN | I106: COMPETITION POLOS | J106: COMPETITION POLO SHORT SLEEVE | K106: =IF(C106>0,C106,"") -> WOMEN'S COMPETITION POLO SHORT SLEEVE | L106: Our most popular and demanded competition polos are made with high quality technical fabric to match up to your high performance needs during shows. The special polyamide piquet jersey fabric will move with your body in such a harmony that you will hardly feel its existence. The eye-catching fit and design is coming by default. | M106: * Specially engineered design for high performance * 4-way super stretch piquet jersey * Soft and comfortable * Breathable * Quick dry Composition: 95% Poliamide 5% Elasthane | N106: Machine Wash at 30°C Mild process Iron at low temperature Iron from REVERSE Do NOT iron on logos or prints Do not bleach Do NOT Tumble Dry | O106: KADIN KISA KOL YARIŞMA POLO | P106: En popüler ve talep gören yarışma pololarımız, yarışmalar sırasındaki yüksek performans ihtiyaçlarınızı karşılayacak şekilde yüksek kaliteli teknik kumaştan üretilmiştir. Özel polyamid pike örme kumaş vücudunuzla öyle bir uyum içinde hareket edecek ki varlığını neredeyse hissetmeyeceksiniz. Göz alıcı uyum ve tasarımıyla! | Q106: * Yüksek performans için özel tasarım * 4 yönlü süper streç pike kumaş * Yumuşak ve rahat * Nefes alabilir * Hızlı kuruma Kompozisyon: %95 Polyamid %5 Elastan | R106: Makinede 30°C' de Yıkayın Hassas Yıkama Ilık ütü yapın Tersten ütüleyin Logo ve baskıları ÜTÜLEMEYİN Çamaşır suyu kullanmayın Kurutma Makinesinde Kurutmayın | S106: POLO DA CONCORSO DONNA MANICA CORTA | T106: Le nostre polo da competizione più richieste Realizzate con tessuto tecnico di alta qualità per soddisfare le esigenze di alte prestazioni durante le gare. Il tessuto speciale in jersey piqué di poliammide si muove in perfetta armonia con il corpo, tanto che difficilmente sentirai la sua presenza. Con stile e vestibilita elegante! | U106: Design ingegnerizzato per alte prestazioni Jersey piqué elasticizzato 4-way-stretch Morbido e confortevole Traspirante Asciugatura rapida Composizione: 95% Poliammide 5% Elastan | V106: Lavare in lavatrice a 30°C Ciclo delicato Stirare a bassa temperatura Stirare al rovescio Non stirare su loghi o stampe Non candeggiare Non asciugare in asciugatrice | AA106: =+IF($C106>0,VLOOKUP($B106,'CSM ACTIVE PRICE LIST'!$A$2:$F$1022,4,FALSE),"") -> 89.9 | AB106: =+IF($C106>0,VLOOKUP($B106,'CSM ACTIVE PRICE LIST'!$A$2:$F$1022,5,FALSE),"") -> 4940 | AC106: =+IF($C106>0,VLOOKUP($B106,'CSM ACTIVE PRICE LIST'!$A$2:$F$1022,6,FALSE),"") -> 103.385 | AD106: =+VLOOKUP(B106,'SKU LIST - LINKED'!C:W,21,FALSE) -> XS;S;M;L;XL | AE106: =+H106&"-"&J106 -> WOMEN-COMPETITION POLO SHORT SLEEVE | AF106: =+VLOOKUP(B106,'[1]STYLES & SIZE CHARTS'!$A:$H,8,FALSE) -> WT-SSCP1 | AG106: =IF($C106>0,+VLOOKUP(E106,'MASTER CODE DATA'!A$1:B$99,2,FALSE),"") -> R | AH106: =IF(C106>0,+VLOOKUP(F106,'MASTER CODE DATA'!C$1:D$99,2,FALSE),"") -> WMN | AI106: =IF(C106>0,+VLOOKUP(G106,'MASTER CODE DATA'!E$1:F$99,2,FALSE),"") -> TOP | AJ106: =IF(C106>0,+VLOOKUP(H106,'MASTER CODE DATA'!G$1:H$99,2,FALSE),"") -> WN | AK106: =IF(C106>0,+VLOOKUP(I106,'MASTER CODE DATA'!I$1:J$99,2,FALSE),"") -> CPL
A107: 5-COMPETITION NAMES | B107: ENZA-TBF | C107: WOMEN'S COMPETITION POLO SHORT SLEEVE X TEAM TÜRKİYE | D107: =IF(C107>0,+AG107&"."&AI107&AJ107&"_"&AK107,"") -> R.TOPWN_CPL | E107: RIDER | F107: WOMEN | G107: TOPS | H107: WOMEN | I107: COMPETITION POLOS | J107: COMPETITION POLO SHORT SLEEVE | K107: =IF(C107>0,C107,"") -> WOMEN'S COMPETITION POLO SHORT SLEEVE X TEAM TÜRKİYE | L107: Our most popular and demanded competition polos are made with high quality technical fabric to match up to your high performance needs during shows. The special polyamide piquet jersey fabric will move with your body in such a harmony that you will hardly feel its existence. The eye-catching fit and design is coming by default. | M107: * Specially engineered design for high performance * 4-way super stretch piquet jersey * Soft and comfortable * Breathable * Quick dry Composition: 95% Poliamide 5% Elasthane | N107: Machine Wash at 30°C Mild process Iron at low temperature Iron from REVERSE Do NOT iron on logos or prints Do not bleach Do NOT Tumble Dry | O107: KADIN KISA KOL YARIŞMA POLO X TEAM TÜRKİYE | P107: En popüler ve talep gören yarışma pololarımız, yarışmalar sırasındaki yüksek performans ihtiyaçlarınızı karşılayacak şekilde yüksek kaliteli teknik kumaştan üretilmiştir. Özel polyamid pike örme kumaş vücudunuzla öyle bir uyum içinde hareket edecek ki varlığını neredeyse hissetmeyeceksiniz. Göz alıcı uyum ve tasarımıyla! | Q107: * Yüksek performans için özel tasarım * 4 yönlü süper streç pike kumaş * Yumuşak ve rahat * Nefes alabilir * Hızlı kuruma Kompozisyon: %95 Polyamid %5 Elastan | R107: Makinede 30°C' de Yıkayın Hassas Yıkama Ilık ütü yapın Tersten ütüleyin Logo ve baskıları ÜTÜLEMEYİN Çamaşır suyu kullanmayın Kurutma Makinesinde Kurutmayın | S107: POLO DA CONCORSO DONNA MANICA CORTA X TEAM TÜRKİYE | T107: Le nostre polo da competizione più richieste Realizzate con tessuto tecnico di alta qualità per soddisfare le esigenze di alte prestazioni durante le gare. Il tessuto speciale in jersey piqué di poliammide si muove in perfetta armonia con il corpo, tanto che difficilmente sentirai la sua presenza. Con stile e vestibilita elegante! | U107: Design ingegnerizzato per alte prestazioni Jersey piqué elasticizzato 4-way-stretch Morbido e confortevole Traspirante Asciugatura rapida Composizione: 95% Poliammide 5% Elastan | V107: Lavare in lavatrice a 30°C Ciclo delicato Stirare a bassa temperatura Stirare al rovescio Non stirare su loghi o stampe Non candeggiare Non asciugare in asciugatrice | AA107: =+IF($C107>0,VLOOKUP($B107,'CSM ACTIVE PRICE LIST'!$A$2:$F$1022,4,FALSE),"") -> 99.9 | AB107: =+IF($C107>0,VLOOKUP($B107,'CSM ACTIVE PRICE LIST'!$A$2:$F$1022,5,FALSE),"") -> 5490 | AC107: =+IF($C107>0,VLOOKUP($B107,'CSM ACTIVE PRICE LIST'!$A$2:$F$1022,6,FALSE),"") -> 114.885 | AD107: =+VLOOKUP(B107,'SKU LIST - LINKED'!C:W,21,FALSE) -> XS;S;M;L;XL;XXL | AE107: =+H107&"-"&J107 -> WOMEN-COMPETITION POLO SHORT SLEEVE | AF107: =+VLOOKUP(B107,'[1]STYLES & SIZE CHARTS'!$A:$H,8,FALSE) -> WT-SSCP1 | AG107: =IF($C107>0,+VLOOKUP(E107,'MASTER CODE DATA'!A$1:B$99,2,FALSE),"") -> R | AH107: =IF(C107>0,+VLOOKUP(F107,'MASTER CODE DATA'!C$1:D$99,2,FALSE),"") -> WMN | AI107: =IF(C107>0,+VLOOKUP(G107,'MASTER CODE DATA'!E$1:F$99,2,FALSE),"") -> TOP | AJ107: =IF(C107>0,+VLOOKUP(H107,'MASTER CODE DATA'!G$1:H$99,2,FALSE),"") -> WN | AK107: =IF(C107>0,+VLOOKUP(I107,'MASTER CODE DATA'!I$1:J$99,2,FALSE),"") -> CPL
A108: 5-COMPETITION NAMES | B108: ENZA-JR | C108: GIRL'S COMPETITION POLO SHORT SLEEVE | D108: =IF(C108>0,+AG108&"."&AI108&AJ108&"_"&AK108,"") -> R.TOPKG_CPL | E108: RIDER | F108: JUNIOR | G108: TOPS | H108: KIDS GIRL | I108: COMPETITION POLOS | J108: COMPETITION POLO SHORT SLEEVE | K108: =IF(C108>0,C108,"") -> GIRL'S COMPETITION POLO SHORT SLEEVE | L108: Our most popular and demanded competition polos are made with high quality technical fabric to match up to your high performance needs during shows. The special polyamide piquet jersey fabric will move with your body in such a harmony that you will hardly feel its existence. The eye-catching fit and design is coming by default. | M108: * Specially engineered design for high performance * 4-way super stretch piquet jersey * Soft and comfortable * Breathable * Quick dry Composition: 95% Poliamide 5% Elasthane | N108: Machine Wash at 30°C Mild process Iron at low temperature Iron from REVERSE Do NOT iron on logos or prints Do not bleach Do NOT Tumble Dry | O108: KIZ ÇOCUK KISA KOL YARIŞMA POLO | P108: En popüler ve talep gören yarışma pololarımız, yarışmalar sırasındaki yüksek performans ihtiyaçlarınızı karşılayacak şekilde yüksek kaliteli teknik kumaştan üretilmiştir. Özel polyamid pike örme kumaş vücudunuzla öyle bir uyum içinde hareket edecek ki varlığını neredeyse hissetmeyeceksiniz. Göz alıcı uyum ve tasarımıyla! | Q108: * Yüksek performans için özel tasarım * 4 yönlü süper streç pike kumaş * Yumuşak ve rahat * Nefes alabilir * Hızlı kuruma Kompozisyon: %95 Polyamid %5 Elastan | R108: Makinede 30°C' de Yıkayın Hassas Yıkama Ilık ütü yapın Tersten ütüleyin Logo ve baskıları ÜTÜLEMEYİN Çamaşır suyu kullanmayın Kurutma Makinesinde Kurutmayın | S108: POLO DA CONCORSO RAGAZZA MANICA CORTA | T108: Le nostre polo da competizione più richieste Realizzate con tessuto tecnico di alta qualità per soddisfare le esigenze di alte prestazioni durante le gare. Il tessuto speciale in jersey piqué di poliammide si muove in perfetta armonia con il corpo, tanto che difficilmente sentirai la sua presenza. Con stile e vestibilita elegante! | U108: Design ingegnerizzato per alte prestazioni Jersey piqué elasticizzato 4-way-stretch Morbido e confortevole Traspirante Asciugatura rapida Composizione: 95% Poliammide 5% Elastan | V108: Lavare in lavatrice a 30°C Ciclo delicato Stirare a bassa temperatura Stirare al rovescio Non stirare su loghi o stampe Non candeggiare Non asciugare in asciugatrice | AA108: =+IF($C108>0,VLOOKUP($B108,'CSM ACTIVE PRICE LIST'!$A$2:$F$1022,4,FALSE),"") -> 59.9 | AB108: =+IF($C108>0,VLOOKUP($B108,'CSM ACTIVE PRICE LIST'!$A$2:$F$1022,5,FALSE),"") -> 3290 | AC108: =+IF($C108>0,VLOOKUP($B108,'CSM ACTIVE PRICE LIST'!$A$2:$F$1022,6,FALSE),"") -> 68.885 | AD108: =+VLOOKUP(B108,'SKU LIST - LINKED'!C:W,21,FALSE) -> 6-7 Y;8-9 Y;10-11 Y;12-13 Y;14-15 Y | AE108: =+H108&"-"&J108 -> KIDS GIRL-COMPETITION POLO SHORT SLEEVE | AF108: =+VLOOKUP(B108,'[1]STYLES & SIZE CHARTS'!$A:$H,8,FALSE) -> JT-GSSP1 | AG108: =IF($C108>0,+VLOOKUP(E108,'MASTER CODE DATA'!A$1:B$99,2,FALSE),"") -> R | AH108: =IF(C108>0,+VLOOKUP(F108,'MASTER CODE DATA'!C$1:D$99,2,FALSE),"") -> JNR | AI108: =IF(C108>0,+VLOOKUP(G108,'MASTER CODE DATA'!E$1:F$99,2,FALSE),"") -> TOP | AJ108: =IF(C108>0,+VLOOKUP(H108,'MASTER CODE DATA'!G$1:H$99,2,FALSE),"") -> KG | AK108: =IF(C108>0,+VLOOKUP(I108,'MASTER CODE DATA'!I$1:J$99,2,FALSE),"") -> CPL
...

Sheet CODE GENERATOR
A1: ART. # | B1: (start here) STYLE NAME | C1: PRODUCT NAME | D1: PRODUCT CODE | E1: YEAR | F1: SEASON | G1: MAIN FABRIC | H1: FABRIC/MATERIAL CODE | I1: MAIN COLOR | J1: SECONDARY COLOR | L1: STYLE NAME | M1: STYLE CATEGORY CODE | N1: MODEL CODE | O1: FABRIC + COLOR CODE | P1: FULL PRODUCT CODE | R1: MAIN FABRIC CODE | S1: MAIN COLOR CODE | T1: SECONDARY COLOR CODE | V1: MAIN PHOTO | W1: PHOTO 2 | X1: PHOTO 3 | Y1: PHOTO 4 | Z1: PHOTO 5 | AA1: PHOTO 6 | AB1: VIDEO | AC1: EXTRA MEDIA | AD1: ALSO IN THE PHOTO 1 | AE1: ALSO IN THE PHOTO 2 | AF1: ALSO IN THE PHOTO 3 | AG1: ALSO IN THE PHOTO 4 | AH1: ALSO IN THE PHOTO 5 | AI1: RELATED PRODUCTS 1 | AJ1: RELATED PRODUCTS 2 | AK1: RELATED PRODUCTS 3 | AL1: RELATED PRODUCTS 4 | AM1: RELATED PRODUCTS 5 | AN1: MODEL REFERENCE
A2: 0001 | B2: TORONTO | C2: =IF(B2>0,+VLOOKUP(B2,'STYLE NAMES'!$B$1:$C$1007,2,FALSE),"") -> FLEECE BLANKET | D2: =IF(B2>0,+(L2&" / "&O2),"") -> TORONTO / FLC0001NAVGLD | E2: X1 | F2: W | G2: FLEECE | H2: 0001 | I2: NAVY | J2: GOLD | L2: =+B2 -> TORONTO | M2: =IF(B2>0,+VLOOKUP(B2,'STYLE NAMES'!$B$1:$D$1021,3,FALSE),"") -> H.RUGFL_FLC | N2: =+M2&A2 -> H.RUGFL_FLC0001 | O2: =+R2&H2&S2&T2 -> FLC0001NAVGLD | P2: =+N2&"_"&O2 -> H.RUGFL_FLC0001_FLC0001NAVGLD | R2: =IF(G2>0,+VLOOKUP(G2,'MASTER CODE DATA'!O$2:P$99,2,FALSE),"") -> FLC | S2: =IF(I2>0,+VLOOKUP(I2,'MASTER CODE DATA'!Q$2:R$999,2,FALSE),"") -> NAV | T2: =IF(J2>0,+VLOOKUP(J2,'MASTER CODE DATA'!Q$2:R$999,2,FALSE),"") -> GLD | V2: 2402_S01_33883 | W2: 2402_S01_33884 | X2: 2402_S01_33888 | Y2: 2402_S01_33886 | Z2: 2209_O_Z3A8120 | AN2: =+VLOOKUP(P2,'[2]STYLES & MODELS MATRIX'!$F:$G,2,FALSE) -> 0
A3: 0001 | B3: TORONTO | C3: =IF(B3>0,+VLOOKUP(B3,'STYLE NAMES'!$B$1:$C$1007,2,FALSE),"") -> FLEECE BLANKET | D3: =IF(B3>0,+(L3&" / "&O3),"") -> TORONTO / FLC0001PURGLD | E3: X1 | F3: W | G3: FLEECE | H3: 0001 | I3: PURPLE | J3: GOLD | L3: =+B3 -> TORONTO | M3: =IF(B3>0,+VLOOKUP(B3,'STYLE NAMES'!$B$1:$D$1021,3,FALSE),"") -> H.RUGFL_FLC | N3: =+M3&A3 -> H.RUGFL_FLC0001 | O3: =+R3&H3&S3&T3 -> FLC0001PURGLD | P3: =+N3&"_"&O3 -> H.RUGFL_FLC0001_FLC0001PURGLD | R3: =IF(G3>0,+VLOOKUP(G3,'MASTER CODE DATA'!O$2:P$99,2,FALSE),"") -> FLC | S3: =IF(I3>0,+VLOOKUP(I3,'MASTER CODE DATA'!Q$2:R$999,2,FALSE),"") -> PUR | T3: =IF(J3>0,+VLOOKUP(J3,'MASTER CODE DATA'!Q$2:R$999,2,FALSE),"") -> GLD | V3: 2402_S01_33857 | W3: 2402_S01_33861 | X3: 2402_S01_33858 | Z3: 2209_O_Z3A8143 | AN3: =+VLOOKUP(P3,'[2]STYLES & MODELS MATRIX'!$F:$G,2,FALSE) -> 0
A4: 0001 | B4: TORONTO | C4: =IF(B4>0,+VLOOKUP(B4,'STYLE NAMES'!$B$1:$C$1007,2,FALSE),"") -> FLEECE BLANKET | D4: =IF(B4>0,+(L4&" / "&O4),"") -> TORONTO / FLC0001GRNNAV | E4: X1 | F4: W | G4: FLEECE | H4: 0001 | I4: GREEN | J4: NAVY | L4: =+B4 -> TORONTO | M4: =IF(B4>0,+VLOOKUP(B4,'STYLE NAMES'!$B$1:$D$1021,3,FALSE),"") -> H.RUGFL_FLC | N4: =+M4&A4 -> H.RUGFL_FLC0001 | O4: =+R4&H4&S4&T4 -> FLC0001GRNNAV | P4: =+N4&"_"&O4 -> H.RUGFL_FLC0001_FLC0001GRNNAV | R4: =IF(G4>0,+VLOOKUP(G4,'MASTER CODE DATA'!O$2:P$99,2,FALSE),"") -> FLC | S4: =IF(I4>0,+VLOOKUP(I4,'MASTER CODE DATA'!Q$2:R$999,2,FALSE),"") -> GRN | T4: =IF(J4>0,+VLOOKUP(J4,'MASTER CODE DATA'!Q$2:R$999,2,FALSE),"") -> NAV | V4: 2402_S01_33840 | W4: 2402_S01_33842 | X4: 2402_S01_33843 | Y4: 2402_S01_33846 | Z4: 2209_O_Z3A8157 | AN4: =+VLOOKUP(P4,'[2]STYLES & MODELS MATRIX'!$F:$G,2,FALSE) -> 0
A5: 0001 | B5: TORONTO | C5: =IF(B5>0,+VLOOKUP(B5,'STYLE NAMES'!$B$1:$C$1007,2,FALSE),"") -> FLEECE BLANKET | D5: =IF(B5>0,+(L5&" / "&O5),"") -> TORONTO / FLC0001BLKRGL | E5: X1 | F5: W | G5: FLEECE | H5: 0001 | I5: BLACK | J5: ROSE GOLD | L5: =+B5 -> TORONTO | M5: =IF(B5>0,+VLOOKUP(B5,'STYLE NAMES'!$B$1:$D$1021,3,FALSE),"") -> H.RUGFL_FLC | N5: =+M5&A5 -> H.RUGFL_FLC0001 | O5: =+R5&H5&S5&T5 -> FLC0001BLKRGL | P5: =+N5&"_"&O5 -> H.RUGFL_FLC0001_FLC0001BLKRGL | R5: =IF(G5>0,+VLOOKUP(G5,'MASTER CODE DATA'!O$2:P$99,2,FALSE),"") -> FLC | S5: =IF(I5>0,+VLOOKUP(I5,'MASTER CODE DATA'!Q$2:R$999,2,FALSE),"") -> BLK | T5: =IF(J5>0,+VLOOKUP(J5,'MASTER CODE DATA'!Q$2:R$999,2,FALSE),"") -> RGL | V5: 2402_S01_33893 | W5: 2402_S01_33894 | X5: 2402_S01_33896 | Z5: 2209_O_Z3A8142 | AN5: =+VLOOKUP(P5,'[2]STYLES & MODELS MATRIX'!$F:$G,2,FALSE) -> 0
A6: 0001 | B6: TORONTO | C6: =IF(B6>0,+VLOOKUP(B6,'STYLE NAMES'!$B$1:$C$1007,2,FALSE),"") -> FLEECE BLANKET | D6: =IF(B6>0,+(L6&" / "&O6),"") -> TORONTO / FLC0001REDGLD | E6: X1 | F6: W | G6: FLEECE | H6: 0001 | I6: RED | J6: GOLD | L6: =+B6 -> TORONTO | M6: =IF(B6>0,+VLOOKUP(B6,'STYLE NAMES'!$B$1:$D$1021,3,FALSE),"") -> H.RUGFL_FLC | N6: =+M6&A6 -> H.RUGFL_FLC0001 | O6: =+R6&H6&S6&T6 -> FLC0001REDGLD | P6: =+N6&"_"&O6 -> H.RUGFL_FLC0001_FLC0001REDGLD | R6: =IF(G6>0,+VLOOKUP(G6,'MASTER CODE DATA'!O$2:P$99,2,FALSE),"") -> FLC | S6: =IF(I6>0,+VLOOKUP(I6,'MASTER CODE DATA'!Q$2:R$999,2,FALSE),"") -> RED | T6: =IF(J6>0,+VLOOKUP(J6,'MASTER CODE DATA'!Q$2:R$999,2,FALSE),"") -> GLD | V6: 2402_S01_33930 | W6: 2402_S01_33932 | X6: 2402_S01_33933 | Y6: 2402_S01_33935 | Z6: 2209_O_Z3A8131 | AN6: =+VLOOKUP(P6,'[2]STYLES & MODELS MATRIX'!$F:$G,2,FALSE) -> 0
A7: 0001 | B7: TORONTO | C7: =IF(B7>0,+VLOOKUP(B7,'STYLE NAMES'!$B$1:$C$1007,2,FALSE),"") -> FLEECE BLANKET | D7: =IF(B7>0,+(L7&" / "&O7),"") -> TORONTO / FLC0001BORGLD | E7: X1 | F7: W | G7: FLEECE | H7: 0001 | I7: BORDEAUX | J7: GOLD | L7: =+B7 -> TORONTO | M7: =IF(B7>0,+VLOOKUP(B7,'STYLE NAMES'!$B$1:$D$1021,3,FALSE),"") -> H.RUGFL_FLC | N7: =+M7&A7 -> H.RUGFL_FLC0001 | O7: =+R7&H7&S7&T7 -> FLC0001BORGLD | P7: =+N7&"_"&O7 -> H.RUGFL_FLC0001_FLC0001BORGLD | R7: =IF(G7>0,+VLOOKUP(G7,'MASTER CODE DATA'!O$2:P$99,2,FALSE),"") -> FLC | S7: =IF(I7>0,+VLOOKUP(I7,'MASTER CODE DATA'!Q$2:R$999,2,FALSE),"") -> BOR | T7: =IF(J7>0,+VLOOKUP(J7,'MASTER CODE DATA'!Q$2:R$999,2,FALSE),"") -> GLD | V7: 2402_S01_33864 | W7: 2402_S01_33865 | X7: 2402_S01_33868 | Y7: 2402_S01_33869 | Z7: 2209_O_Z3A8168 | AN7: =+VLOOKUP(P7,'[2]STYLES & MODELS MATRIX'!$F:$G,2,FALSE) -> 0
A8: 0001 | B8: TORONTO | C8: =IF(B8>0,+VLOOKUP(B8,'STYLE NAMES'!$B$1:$C$1007,2,FALSE),"") -> FLEECE BLANKET | D8: =IF(B8>0,+(L8&" / "&O8),"") -> TORONTO / FLC0001LILWHT | E8: X1 | F8: W | G8: FLEECE | H8: 0001 | I8: LILAC | J8: WHITE | L8: =+B8 -> TORONTO | M8: =IF(B8>0,+VLOOKUP(B8,'STYLE NAMES'!$B$1:$D$1021,3,FALSE),"") -> H.RUGFL_FLC | N8: =+M8&A8 -> H.RUGFL_FLC0001 | O8: =+R8&H8&S8&T8 -> FLC0001LILWHT | P8: =+N8&"_"&O8 -> H.RUGFL_FLC0001_FLC0001LILWHT | R8: =IF(G8>0,+VLOOKUP(G8,'MASTER CODE DATA'!O$2:P$99,2,FALSE),"") -> FLC | S8: =IF(I8>0,+VLOOKUP(I8,'MASTER CODE DATA'!Q$2:R$999,2,FALSE),"") -> LIL | T8: =IF(J8>0,+VLOOKUP(J8,'MASTER CODE DATA'!Q$2:R$999,2,FALSE),"") -> WHT | V8: 2402_S01_33848 | W8: 2402_S01_33850 | X8: 2402_S01_33852 | Y8: 2402_S01_33855 | AN8: =+VLOOKUP(P8,'[2]STYLES & MODELS MATRIX'!$F:$G,2,FALSE) -> 0
A9: 0001 | B9: TORONTO | C9: =IF(B9>0,+VLOOKUP(B9,'STYLE NAMES'!$B$1:$C$1007,2,FALSE),"") -> FLEECE BLANKET | D9: =IF(B9>0,+(L9&" / "&O9),"") -> TORONTO / FLC0001BLKGLD | E9: X1 | F9: W | G9: FLEECE | H9: 0001 | I9: BLACK | J9: GOLD | L9: =+B9 -> TORONTO | M9: =IF(B9>0,+VLOOKUP(B9,'STYLE NAMES'!$B$1:$D$1021,3,FALSE),"") -> H.RUGFL_FLC | N9: =+M9&A9 -> H.RUGFL_FLC0001 | O9: =+R9&H9&S9&T9 -> FLC0001BLKGLD | P9: =+N9&"_"&O9 -> H.RUGFL_FLC0001_FLC0001BLKGLD | R9: =IF(G9>0,+VLOOKUP(G9,'MASTER CODE DATA'!O$2:P$99,2,FALSE),"") -> FLC | S9: =IF(I9>0,+VLOOKUP(I9,'MASTER CODE DATA'!Q$2:R$999,2,FALSE),"") -> BLK | T9: =IF(J9>0,+VLOOKUP(J9,'MASTER CODE DATA'!Q$2:R$999,2,FALSE),"") -> GLD | V9: 2402_S01_33899 | W9: 2402_S01_33900 | X9: 2402_S01_33902 | Y9: 2402_S01_33904 | Z9: 2402_S01_33906 | AN9: =+VLOOKUP(P9,'[2]STYLES & MODELS MATRIX'!$F:$G,2,FALSE) -> 0
A10: 0001 | B10: TORONTO | C10: =IF(B10>0,+VLOOKUP(B10,'STYLE NAMES'!$B$1:$C$1007,2,FALSE),"") -> FLEECE BLANKET | D10: =IF(B10>0,+(L10&" / "&O10),"") -> TORONTO / FLC0001NAVRED | E10: X1 | F10: W | G10: FLEECE | H10: 0001 | I10: NAVY | J10: RED | L10: =+B10 -> TORONTO | M10: =IF(B10>0,+VLOOKUP(B10,'STYLE NAMES'!$B$1:$D$1021,3,FALSE),"") -> H.RUGFL_FLC | N10: =+M10&A10 -> H.RUGFL_FLC0001 | O10: =+R10&H10&S10&T10 -> FLC0001NAVRED | P10: =+N10&"_"&O10 -> H.RUGFL_FLC0001_FLC0001NAVRED | R10: =IF(G10>0,+VLOOKUP(G10,'MASTER CODE DATA'!O$2:P$99,2,FALSE),"") -> FLC | S10: =IF(I10>0,+VLOOKUP(I10,'MASTER CODE DATA'!Q$2:R$999,2,FALSE),"") -> NAV | T10: =IF(J10>0,+VLOOKUP(J10,'MASTER CODE DATA'!Q$2:R$999,2,FALSE),"") -> RED | V10: 2402_S01_33872 | W10: 2402_S01_33876 | X10: 2402_S01_33878 | Y10: 2402_S01_33880 | AN10: =+VLOOKUP(P10,'[2]STYLES & MODELS MATRIX'!$F:$G,2,FALSE) -> 0
A11: 0001 | B11: TORONTO | C11: =IF(B11>0,+VLOOKUP(B11,'STYLE NAMES'!$B$1:$C$1007,2,FALSE),"") -> FLEECE BLANKET | D11: =IF(B11>0,+(L11&" / "&O11),"") -> TORONTO / FLC0001REDWHT | E11: X1 | F11: W | G11: FLEECE | H11: 0001 | I11: RED | J11: WHITE | L11: =+B11 -> TORONTO | M11: =IF(B11>0,+VLOOKUP(B11,'STYLE NAMES'!$B$1:$D$1021,3,FALSE),"") -> H.RUGFL_FLC | N11: =+M11&A11 -> H.RUGFL_FLC0001 | O11: =+R11&H11&S11&T11 -> FLC0001REDWHT | P11: =+N11&"_"&O11 -> H.RUGFL_FLC0001_FLC0001REDWHT | R11: =IF(G11>0,+VLOOKUP(G11,'MASTER CODE DATA'!O$2:P$99,2,FALSE),"") -> FLC | S11: =IF(I11>0,+VLOOKUP(I11,'MASTER CODE DATA'!Q$2:R$999,2,FALSE),"") -> RED | T11: =IF(J11>0,+VLOOKUP(J11,'MASTER CODE DATA'!Q$2:R$999,2,FALSE),"") -> WHT | V11: 2402_S01_33958 | W11: 2402_S01_33960 | X11: 2402_S01_33963 | Y11: 2402_S01_33965 | AN11: =+VLOOKUP(P11,'[2]STYLES & MODELS MATRIX'!$F:$G,2,FALSE) -> 0
A12: 0002 | B12: WINDSOR | C12: =IF(B12>0,+VLOOKUP(B12,'STYLE NAMES'!$B$1:$C$1007,2,FALSE),"") -> FLEECE BLANKET WITH COLLAR | D12: =IF(B12>0,+(L12&" / "&O12),"") -> WINDSOR / FLC0001BRWRGL | E12: X2 | F12: W | G12: FLEECE | H12: 0001 | I12: BROWN | J12: ROSE GOLD | L12: =+B12 -> WINDSOR | M12: =IF(B12>0,+VLOOKUP(B12,'STYLE NAMES'!$B$1:$D$1021,3,FALSE),"") -> H.RUGFL_FLC | N12: =+M12&A12 -> H.RUGFL_FLC0002 | O12: =+R12&H12&S12&T12 -> FLC0001BRWRGL | P12: =+N12&"_"&O12 -> H.RUGFL_FLC0002_FLC0001BRWRGL | R12: =IF(G12>0,+VLOOKUP(G12,'MASTER CODE DATA'!O$2:P$99,2,FALSE),"") -> FLC | S12: =IF(I12>0,+VLOOKUP(I12,'MASTER CODE DATA'!Q$2:R$999,2,FALSE),"") -> BRW | T12: =IF(J12>0,+VLOOKUP(J12,'MASTER CODE DATA'!Q$2:R$999,2,FALSE),"") -> RGL | V12: 2402_S01_33816 | W12: 2402_S01_33894 | X12: 2402_S01_33986 | AN12: =+VLOOKUP(P12,'[2]STYLES & MODELS MATRIX'!$F:$G,2,FALSE) -> 0
A13: 0002 | B13: WINDSOR | C13: =IF(B13>0,+VLOOKUP(B13,'STYLE NAMES'!$B$1:$C$1007,2,FALSE),"") -> FLEECE BLANKET WITH COLLAR | D13: =IF(B13>0,+(L13&" / "&O13),"") -> WINDSOR / FLC0001ELBORG | E13: X2 | F13: W | G13: FLEECE | H13: 0001 | I13: ELECTRIC BLUE | J13: ORANGE | L13: =+B13 -> WINDSOR | M13: =IF(B13>0,+VLOOKUP(B13,'STYLE NAMES'!$B$1:$D$1021,3,FALSE),"") -> H.RUGFL_FLC | N13: =+M13&A13 -> H.RUGFL_FLC0002 | O13: =+R13&H13&S13&T13 -> FLC0001ELBORG | P13: =+N13&"_"&O13 -> H.RUGFL_FLC0002_FLC0001ELBORG | R13: =IF(G13>0,+VLOOKUP(G13,'MASTER CODE DATA'!O$2:P$99,2,FALSE),"") -> FLC | S13: =IF(I13>0,+VLOOKUP(I13,'MASTER CODE DATA'!Q$2:R$999,2,FALSE),"") -> ELB | T13: =IF(J13>0,+VLOOKUP(J13,'MASTER CODE DATA'!Q$2:R$999,2,FALSE),"") -> ORG | V13: 2402_S01_33909 | W13: 2402_S01_33911 | X13: 2402_S01_33912 | Y13: 2402_S01_33916 | AN13: =+VLOOKUP(P13,'[2]STYLES & MODELS MATRIX'!$F:$G,2,FALSE) -> 0
A14: 0003 | B14: DUBLIN | C14: =IF(B14>0,+VLOOKUP(B14,'STYLE NAMES'!$B$1:$C$1007,2,FALSE),"") -> COOLER BLANKET | D14: =IF(B14>0,+(L14&" / "&O14),"") -> DUBLIN / KNT0002MTCNAV | E14: X3 | F14: W | G14: KNIT | H14: 0002 | I14: MULTI-COLOR CHECK | J14: NAVY | L14: =+B14 -> DUBLIN | M14: =IF(B14>0,+VLOOKUP(B14,'STYLE NAMES'!$B$1:$D$1021,3,FALSE),"") -> H.RUGFL_COO | N14: =+M14&A14 -> H.RUGFL_COO0003 | O14: =+R14&H14&S14&T14 -> KNT0002MTCNAV | P14: =+N14&"_"&O14 -> H.RUGFL_COO0003_KNT0002MTCNAV | R14: =IF(G14>0,+VLOOKUP(G14,'MASTER CODE DATA'!O$2:P$99,2,FALSE),"") -> KNT | S14: =IF(I14>0,+VLOOKUP(I14,'MASTER CODE DATA'!Q$2:R$999,2,FALSE),"") -> MTC | T14: =IF(J14>0,+VLOOKUP(J14,'MASTER CODE DATA'!Q$2:R$999,2,FALSE),"") -> NAV | V14: 2402_S01_33832 | W14: 2402_S01_33833 | X14: 2402_S01_33835 | AN14: =+VLOOKUP(P14,'[2]STYLES & MODELS MATRIX'!$F:$G,2,FALSE) -> 0
A15: 0004 | B15: YORK | C15: =IF(B15>0,+VLOOKUP(B15,'STYLE NAMES'!$B$1:$C$1007,2,FALSE),"") -> TWO COLOR FLEECE BLANKET | D15: =IF(B15>0,+(L15&" / "&O15),"") -> YORK / FLC0001GRNNAV | E15: X3 | F15: W | G15: FLEECE | H15: 0001 | I15: GREEN | J15: NAVY | L15: =+B15 -> YORK | M15: =IF(B15>0,+VLOOKUP(B15,'STYLE NAMES'!$B$1:$D$1021,3,FALSE),"") -> H.RUGFL_FLC | N15: =+M15&A15 -> H.RUGFL_FLC0004 | O15: =+R15&H15&S15&T15 -> FLC0001GRNNAV | P15: =+N15&"_"&O15 -> H.RUGFL_FLC0004_FLC0001GRNNAV | R15: =IF(G15>0,+VLOOKUP(G15,'MASTER CODE DATA'!O$2:P$99,2,FALSE),"") -> FLC | S15: =IF(I15>0,+VLOOKUP(I15,'MASTER CODE DATA'!Q$2:R$999,2,FALSE),"") -> GRN | T15: =IF(J15>0,+VLOOKUP(J15,'MASTER CODE DATA'!Q$2:R$999,2,FALSE),"") -> NAV | V15: 2402_S01_33950 | W15: 2402_S01_33952 | X15: 2402_S01_33954 | Y15: 2402_S01_33957 | AN15: =+VLOOKUP(P15,'[2]STYLES & MODELS MATRIX'!$F:$G,2,FALSE) -> 0
A16: 0004 | B16: YORK | C16: =IF(B16>0,+VLOOKUP(B16,'STYLE NAMES'!$B$1:$C$1007,2,FALSE),"") -> TWO COLOR FLEECE BLANKET | D16: =IF(B16>0,+(L16&" / "&O16),"") -> YORK / FLC0001NAVBOR | E16: X3 | F16: W | G16: FLEECE | H16: 0001 | I16: NAVY | J16: BORDEAUX | L16: =+B16 -> YORK | M16: =IF(B16>0,+VLOOKUP(B16,'STYLE NAMES'!$B$1:$D$1021,3,FALSE),"") -> H.RUGFL_FLC | N16: =+M16&A16 -> H.RUGFL_FLC0004 | O16: =+R16&H16&S16&T16 -> FLC0001NAVBOR | P16: =+N16&"_"&O16 -> H.RUGFL_FLC0004_FLC0001NAVBOR | R16: =IF(G16>0,+VLOOKUP(G16,'MASTER CODE DATA'!O$2:P$99,2,FALSE),"") -> FLC | S16: =IF(I16>0,+VLOOKUP(I16,'MASTER CODE DATA'!Q$2:R$999,2,FALSE),"") -> NAV | T16: =IF(J16>0,+VLOOKUP(J16,'MASTER CODE DATA'!Q$2:R$999,2,FALSE),"") -> BOR | V16: 2402_S01_33939 | W16: 2402_S01_33942 | X16: 2402_S01_33945 | Y16: 2402_S01_33947 | AN16: =+VLOOKUP(P16,'[2]STYLES & MODELS MATRIX'!$F:$G,2,FALSE) -> 0
A17: 0005 | B17: ALASKA | C17: =IF(B17>0,+VLOOKUP(B17,'STYLE NAMES'!$B$1:$C$1007,2,FALSE),"") -> WINTER STABLE RUG | D17: =IF(B17>0,+(L17&" / "&O17),"") -> ALASKA / RPS0003BLKBLK | E17: X4 | F17: W | G17: RAINPROOF SHELL | H17: 0003 | I17: BLACK | J17: BLACK | L17: =+B17 -> ALASKA | M17: =IF(B17>0,+VLOOKUP(B17,'STYLE NAMES'!$B$1:$D$1021,3,FALSE),"") -> H.RUGFL_STR | N17: =+M17&A17 -> H.RUGFL_STR0005 | O17: =+R17&H17&S17&T17 -> RPS0003BLKBLK | P17: =+N17&"_"&O17 -> H.RUGFL_STR0005_RPS0003BLKBLK | R17: =IF(G17>0,+VLOOKUP(G17,'MASTER CODE DATA'!O$2:P$99,2,FALSE),"") -> RPS | S17: =IF(I17>0,+VLOOKUP(I17,'MASTER CODE DATA'!Q$2:R$999,2,FALSE),"") -> BLK | T17: =IF(J17>0,+VLOOKUP(J17,'MASTER CODE DATA'!Q$2:R$999,2,FALSE),"") -> BLK | V17: 2402_S01_33770 | W17: 2402_S01_33772 | X17: 2402_S01_33773 | Y17: 2402_S01_33774 | Z17: 2402_S01_33776 | AA17: 2402_S01_33778 | AN17: =+VLOOKUP(P17,'[2]STYLES & MODELS MATRIX'!$F:$G,2,FALSE) -> 0
A18: 0005 | B18: ALASKA | C18: =IF(B18>0,+VLOOKUP(B18,'STYLE NAMES'!$B$1:$C$1007,2,FALSE),"") -> WINTER STABLE RUG | D18: =IF(B18>0,+(L18&" / "&O18),"") -> ALASKA / RPS0003NAVNAV | E18: X4 | F18: W | G18: RAINPROOF SHELL | H18: 0003 | I18: NAVY | J18: NAVY | L18: =+B18 -> ALASKA | M18: =IF(B18>0,+VLOOKUP(B18,'STYLE NAMES'!$B$1:$D$1021,3,FALSE),"") -> H.RUGFL_STR | N18: =+M18&A18 -> H.RUGFL_STR0005 | O18: =+R18&H18&S18&T18 -> RPS0003NAVNAV | P18: =+N18&"_"&O18 -> H.RUGFL_STR0005_RPS0003NAVNAV | R18: =IF(G18>0,+VLOOKUP(G18,'MASTER CODE DATA'!O$2:P$99,2,FALSE),"") -> RPS | S18: =IF(I18>0,+VLOOKUP(I18,'MASTER CODE DATA'!Q$2:R$999,2,FALSE),"") -> NAV | T18: =IF(J18>0,+VLOOKUP(J18,'MASTER CODE DATA'!Q$2:R$999,2,FALSE),"") -> NAV | V18: 2402_S01_33780 | W18: 2402_S01_33782 | X18: 2402_S01_33783 | Y18: 2402_S01_33784 | Z18: 2402_S01_33787 | AA18: 2402_S01_33788 | AN18: =+VLOOKUP(P18,'[2]STYLES & MODELS MATRIX'!$F:$G,2,FALSE) -> 0
A19: 0005 | B19: ALASKA | C19: =IF(B19>0,+VLOOKUP(B19,'STYLE NAMES'!$B$1:$C$1007,2,FALSE),"") -> WINTER STABLE RUG | D19: =IF(B19>0,+(L19&" / "&O19),"") -> ALASKA / RPS0003BORBOR | E19: X4 | F19: W | G19: RAINPROOF SHELL | H19: 0003 | I19: BORDEAUX | J19: BORDEAUX | L19: =+B19 -> ALASKA | M19: =IF(B19>0,+VLOOKUP(B19,'STYLE NAMES'!$B$1:$D$1021,3,FALSE),"") -> H.RUGFL_STR | N19: =+M19&A19 -> H.RUGFL_STR0005 | O19: =+R19&H19&S19&T19 -> RPS0003BORBOR | P19: =+N19&"_"&O19 -> H.RUGFL_STR0005_RPS0003BORBOR | R19: =IF(G19>0,+VLOOKUP(G19,'MASTER CODE DATA'!O$2:P$99,2,FALSE),"") -> RPS | S19: =IF(I19>0,+VLOOKUP(I19,'MASTER CODE DATA'!Q$2:R$999,2,FALSE),"") -> BOR | T19: =IF(J19>0,+VLOOKUP(J19,'MASTER CODE DATA'!Q$2:R$999,2,FALSE),"") -> BOR | V19: 2402_S01_33791 | W19: 2402_S01_33792 | X19: 2402_S01_33793 | Y19: 2402_S01_33796 | Z19: 2402_S01_33798 | AA19: 2402_S01_33794 | AN19: =+VLOOKUP(P19,'[2]STYLES & MODELS MATRIX'!$F:$G,2,FALSE) -> 0
A20: 0005 | B20: ALASKA | C20: =IF(B20>0,+VLOOKUP(B20,'STYLE NAMES'!$B$1:$C$1007,2,FALSE),"") -> WINTER STABLE RUG | D20: =IF(B20>0,+(L20&" / "&O20),"") -> ALASKA / RPS0003ELBELB | E20: X4 | F20: W | G20: RAINPROOF SHELL | H20: 0003 | I20: ELECTRIC BLUE | J20: ELECTRIC BLUE | L20: =+B20 -> ALASKA | M20: =IF(B20>0,+VLOOKUP(B20,'STYLE NAMES'!$B$1:$D$1021,3,FALSE),"") -> H.RUGFL_STR | N20: =+M20&A20 -> H.RUGFL_STR0005 | O20: =+R20&H20&S20&T20 -> RPS0003ELBELB | P20: =+N20&"_"&O20 -> H.RUGFL_STR0005_RPS0003ELBELB | R20: =IF(G20>0,+VLOOKUP(G20,'MASTER CODE DATA'!O$2:P$99,2,FALSE),"") -> RPS | S20: =IF(I20>0,+VLOOKUP(I20,'MASTER CODE DATA'!Q$2:R$999,2,FALSE),"") -> ELB | T20: =IF(J20>0,+VLOOKUP(J20,'MASTER CODE DATA'!Q$2:R$999,2,FALSE),"") -> ELB | V20: CSM-BLANKET SAKS MAVİ-1 | W20: CSM-BLANKET SAKS MAVİ-2 | X20: CSM-BLANKET SAKS MAVİ-3 | Y20: CSM-BLANKET SAKS MAVİ-4 | AN20: =+VLOOKUP(P20,'[2]STYLES & MODELS MATRIX'!$F:$G,2,FALSE) -> 0
A21: 0005 | B21: ALASKA | C21: =IF(B21>0,+VLOOKUP(B21,'STYLE NAMES'!$B$1:$C$1007,2,FALSE),"") -> WINTER STABLE RUG | D21: =IF(B21>0,+(L21&" / "&O21),"") -> ALASKA / RPS0003GRNGRN | E21: X4 | F21: W | G21: RAINPROOF SHELL | H21: 0003 | I21: GREEN | J21: GREEN | L21: =+B21 -> ALASKA | M21: =IF(B21>0,+VLOOKUP(B21,'STYLE NAMES'!$B$1:$D$1021,3,FALSE),"") -> H.RUGFL_STR | N21: =+M21&A21 -> H.RUGFL_STR0005 | O21: =+R21&H21&S21&T21 -> RPS0003GRNGRN | P21: =+N21&"_"&O21 -> H.RUGFL_STR0005_RPS0003GRNGRN | R21: =IF(G21>0,+VLOOKUP(G21,'MASTER CODE DATA'!O$2:P$99,2,FALSE),"") -> RPS | S21: =IF(I21>0,+VLOOKUP(I21,'MASTER CODE DATA'!Q$2:R$999,2,FALSE),"") -> GRN | T21: =IF(J21>0,+VLOOKUP(J21,'MASTER CODE DATA'!Q$2:R$999,2,FALSE),"") -> GRN | V21: 2402_S01_86744 | W21: 2402_S01_86748 | X21: 2402_S01_86751 | Y21: 2402_S01_86752 | Z21: 2402_S01_86754 | AA21: 2402_S01_86755 | AN21: =+VLOOKUP(P21,'[2]STYLES & MODELS MATRIX'!$F:$G,2,FALSE) -> 0
A22: 0006 | B22: VOLARE | C22: =IF(B22>0,+VLOOKUP(B22,'STYLE NAMES'!$B$1:$C$1007,2,FALSE),"") -> FLY SHEET | D22: =IF(B22>0,+(L22&" / "&O22),"") -> VOLARE / MSH0004LGYBOR | E22: X4 | F22: S | G22: MESH | H22: 0004 | I22: LIGHT GRAY | J22: BORDEAUX | L22: =+B22 -> VOLARE | M22: =IF(B22>0,+VLOOKUP(B22,'STYLE NAMES'!$B$1:$D$1021,3,FALSE),"") -> H.FLYFL_FLS | N22: =+M22&A22 -> H.FLYFL_FLS0006 | O22: =+R22&H22&S22&T22 -> MSH0004LGYBOR | P22: =+N22&"_"&O22 -> H.FLYFL_FLS0006_MSH0004LGYBOR | R22: =IF(G22>0,+VLOOKUP(G22,'MASTER CODE DATA'!O$2:P$99,2,FALSE),"") -> MSH | S22: =IF(I22>0,+VLOOKUP(I22,'MASTER CODE DATA'!Q$2:R$999,2,FALSE),"") -> LGY | T22: =IF(J22>0,+VLOOKUP(J22,'MASTER CODE DATA'!Q$2:R$999,2,FALSE),"") -> BOR | V22: 2402_S01_34039 | W22: 2402_S01_34041 | AN22: =+VLOOKUP(P22,'[2]STYLES & MODELS MATRIX'!$F:$G,2,FALSE) -> 0
A23: 0006 | B23: VOLARE | C23: =IF(B23>0,+VLOOKUP(B23,'STYLE NAMES'!$B$1:$C$1007,2,FALSE),"") -> FLY SHEET | D23: =IF(B23>0,+(L23&" / "&O23),"") -> VOLARE / MSH0004BLKBLK | E23: X4 | F23: S | G23: MESH | H23: 0004 | I23: BLACK | J23: BLACK | L23: =+B23 -> VOLARE | M23: =IF(B23>0,+VLOOKUP(B23,'STYLE NAMES'!$B$1:$D$1021,3,FALSE),"") -> H.FLYFL_FLS | N23: =+M23&A23 -> H.FLYFL_FLS0006 | O23: =+R23&H23&S23&T23 -> MSH0004BLKBLK | P23: =+N23&"_"&O23 -> H.FLYFL_FLS0006_MSH0004BLKBLK | R23: =IF(G23>0,+VLOOKUP(G23,'MASTER CODE DATA'!O$2:P$99,2,FALSE),"") -> MSH | S23: =IF(I23>0,+VLOOKUP(I23,'MASTER CODE DATA'!Q$2:R$999,2,FALSE),"") -> BLK | T23: =IF(J23>0,+VLOOKUP(J23,'MASTER CODE DATA'!Q$2:R$999,2,FALSE),"") -> BLK | V23: 2402_S01_34028 | W23: 2402_S01_34033 | X23: 2402_S01_34036 | AN23: =+VLOOKUP(P23,'[2]STYLES & MODELS MATRIX'!$F:$G,2,FALSE) -> 0
A24: 0007 | B24: FLEECE-X | C24: =IF(B24>0,+VLOOKUP(B24,'STYLE NAMES'!$B$1:$C$1007,2,FALSE),"") -> FLEECE EXERCISE SHEET | D24: =IF(B24>0,+(L24&" / "&O24),"") -> FLEECE-X / FLC0001BLKGLD | E24: X4 | F24: W | G24: FLEECE | H24: 0001 | I24: BLACK | J24: GOLD | L24: =+B24 -> FLEECE-X | M24: =IF(B24>0,+VLOOKUP(B24,'STYLE NAMES'!$B$1:$D$1021,3,FALSE),"") -> H.RUGFL_EXS | N24: =+M24&A24 -> H.RUGFL_EXS0007 | O24: =+R24&H24&S24&T24 -> FLC0001BLKGLD | P24: =+N24&"_"&O24 -> H.RUGFL_EXS0007_FLC0001BLKGLD | R24: =IF(G24>0,+VLOOKUP(G24,'MASTER CODE DATA'!O$2:P$99,2,FALSE),"") -> FLC | S24: =IF(I24>0,+VLOOKUP(I24,'MASTER CODE DATA'!Q$2:R$999,2,FALSE),"") -> BLK | T24: =IF(J24>0,+VLOOKUP(J24,'MASTER CODE DATA'!Q$2:R$999,2,FALSE),"") -> GLD | V24: 2402_S01_34095 | W24: 2402_S01_34097 | AN24: =+VLOOKUP(P24,'[2]STYLES & MODELS MATRIX'!$F:$G,2,FALSE) -> 0
A25: 0007 | B25: FLEECE-X | C25: =IF(B25>0,+VLOOKUP(B25,'STYLE NAMES'!$B$1:$C$1007,2,FALSE),"") -> FLEECE EXERCISE SHEET | D25: =IF(B25>0,+(L25&" / "&O25),"") -> FLEECE-X / FLC0001BORGLD | E25: X4 | F25: W | G25: FLEECE | H25: 0001 | I25: BORDEAUX | J25: GOLD | L25: =+B25 -> FLEECE-X | M25: =IF(B25>0,+VLOOKUP(B25,'STYLE NAMES'!$B$1:$D$1021,3,FALSE),"") -> H.RUGFL_EXS | N25: =+M25&A25 -> H.RUGFL_EXS0007 | O25: =+R25&H25&S25&T25 -> FLC0001BORGLD | P25: =+N25&"_"&O25 -> H.RUGFL_EXS0007_FLC0001BORGLD | R25: =IF(G25>0,+VLOOKUP(G25,'MASTER CODE DATA'!O$2:P$99,2,FALSE),"") -> FLC | S25: =IF(I25>0,+VLOOKUP(I25,'MASTER CODE DATA'!Q$2:R$999,2,FALSE),"") -> BOR | T25: =IF(J25>0,+VLOOKUP(J25,'MASTER CODE DATA'!Q$2:R$999,2,FALSE),"") -> GLD | V25: 2402_S01_34087 | W25: 2402_S01_34089 | AN25: =+VLOOKUP(P25,'[2]STYLES & MODELS MATRIX'!$F:$G,2,FALSE) -> 0
A26: 0007 | B26: FLEECE-X | C26: =IF(B26>0,+VLOOKUP(B26,'STYLE NAMES'!$B$1:$C$1007,2,FALSE),"") -> FLEECE EXERCISE SHEET | D26: =IF(B26>0,+(L26&" / "&O26),"") -> FLEECE-X / FLC0001PURGLD | E26: X4 | F26: W | G26: FLEECE | H26: 0001 | I26: PURPLE | J26: GOLD | L26: =+B26 -> FLEECE-X | M26: =IF(B26>0,+VLOOKUP(B26,'STYLE NAMES'!$B$1:$D$1021,3,FALSE),"") -> H.RUGFL_EXS | N26: =+M26&A26 -> H.RUGFL_EXS0007 | O26: =+R26&H26&S26&T26 -> FLC0001PURGLD | P26: =+N26&"_"&O26 -> H.RUGFL_EXS0007_FLC0001PURGLD | R26: =IF(G26>0,+VLOOKUP(G26,'MASTER CODE DATA'!O$2:P$99,2,FALSE),"") -> FLC | S26: =IF(I26>0,+VLOOKUP(I26,'MASTER CODE DATA'!Q$2:R$999,2,FALSE),"") -> PUR | T26: =IF(J26>0,+VLOOKUP(J26,'MASTER CODE DATA'!Q$2:R$999,2,FALSE),"") -> GLD | V26: 2402_S01_34092 | W26: 2402_S01_34093 | AN26: =+VLOOKUP(P26,'[2]STYLES & MODELS MATRIX'!$F:$G,2,FALSE) -> 0
A27: 0007 | B27: FLEECE-X | C27: =IF(B27>0,+VLOOKUP(B27,'STYLE NAMES'!$B$1:$C$1007,2,FALSE),"") -> FLEECE EXERCISE SHEET | D27: =IF(B27>0,+(L27&" / "&O27),"") -> FLEECE-X / FLC0001BLKRGL | E27: X4 | F27: W | G27: FLEECE | H27: 0001 | I27: BLACK | J27: ROSE GOLD | L27: =+B27 -> FLEECE-X | M27: =IF(B27>0,+VLOOKUP(B27,'STYLE NAMES'!$B$1:$D$1021,3,FALSE),"") -> H.RUGFL_EXS | N27: =+M27&A27 -> H.RUGFL_EXS0007 | O27: =+R27&H27&S27&T27 -> FLC0001BLKRGL | P27: =+N27&"_"&O27 -> H.RUGFL_EXS0007_FLC0001BLKRGL | R27: =IF(G27>0,+VLOOKUP(G27,'MASTER CODE DATA'!O$2:P$99,2,FALSE),"") -> FLC | S27: =IF(I27>0,+VLOOKUP(I27,'MASTER CODE DATA'!Q$2:R$999,2,FALSE),"") -> BLK | T27: =IF(J27>0,+VLOOKUP(J27,'MASTER CODE DATA'!Q$2:R$999,2,FALSE),"") -> RGL | V27: 2402_S01_34084 | W27: 2402_S01_34086 | AN27: =+VLOOKUP(P27,'[2]STYLES & MODELS MATRIX'!$F:$G,2,FALSE) -> 0
A28: 0007 | B28: FLEECE-X | C28: =IF(B28>0,+VLOOKUP(B28,'STYLE NAMES'!$B$1:$C$1007,2,FALSE),"") -> FLEECE EXERCISE SHEET | D28: =IF(B28>0,+(L28&" / "&O28),"") -> FLEECE-X / FLC0001DGYBLK | E28: X4 | F28: W | G28: FLEECE | H28: 0001 | I28: DARK GRAY | J28: BLACK | L28: =+B28 -> FLEECE-X | M28: =IF(B28>0,+VLOOKUP(B28,'STYLE NAMES'!$B$1:$D$1021,3,FALSE),"") -> H.RUGFL_EXS | N28: =+M28&A28 -> H.RUGFL_EXS0007 | O28: =+R28&H28&S28&T28 -> FLC0001DGYBLK | P28: =+N28&"_"&O28 -> H.RUGFL_EXS0007_FLC0001DGYBLK | R28: =IF(G28>0,+VLOOKUP(G28,'MASTER CODE DATA'!O$2:P$99,2,FALSE),"") -> FLC | S28: =IF(I28>0,+VLOOKUP(I28,'MASTER CODE DATA'!Q$2:R$999,2,FALSE),"") -> DGY | T28: =IF(J28>0,+VLOOKUP(J28,'MASTER CODE DATA'!Q$2:R$999,2,FALSE),"") -> BLK | V28: 2402_S01_34099 | W28: 2402_S01_34101 | AN28: =+VLOOKUP(P28,'[2]STYLES & MODELS MATRIX'!$F:$G,2,FALSE) -> 0
A29: 0008 | B29: RAIN-X | C29: =IF(B29>0,+VLOOKUP(B29,'STYLE NAMES'!$B$1:$C$1007,2,FALSE),"") -> RAINPROOF EXERCISE SHEET | D29: =IF(B29>0,+(L29&" / "&O29),"") -> RAIN-X / RPN0005BBLGLD | E29: X4 | F29: W | G29: RAINPROOF NYLON | H29: 0005 | I29: BLUE-BLACK | J29: GOLD | L29: =+B29 -> RAIN-X | M29: =IF(B29>0,+VLOOKUP(B29,'STYLE NAMES'!$B$1:$D$1021,3,FALSE),"") -> H.RUGFL_RXS | N29: =+M29&A29 -> H.RUGFL_RXS0008 | O29: =+R29&H29&S29&T29 -> RPN0005BBLGLD | P29: =+N29&"_"&O29 -> H.RUGFL_RXS0008_RPN0005BBLGLD | R29: =IF(G29>0,+VLOOKUP(G29,'MASTER CODE DATA'!O$2:P$99,2,FALSE),"") -> RPN | S29: =IF(I29>0,+VLOOKUP(I29,'MASTER CODE DATA'!Q$2:R$999,2,FALSE),"") -> BBL | T29: =IF(J29>0,+VLOOKUP(J29,'MASTER CODE DATA'!Q$2:R$999,2,FALSE),"") -> GLD | V29: 2402_S01_34064 | W29: 2402_S01_34061 | X29: 2402_S01_34066 | AN29: =+VLOOKUP(P29,'[2]STYLES & MODELS MATRIX'!$F:$G,2,FALSE) -> 0
A30: 0008 | B30: RAIN-X | C30: =IF(B30>0,+VLOOKUP(B30,'STYLE NAMES'!$B$1:$C$1007,2,FALSE),"") -> RAINPROOF EXERCISE SHEET | D30: =IF(B30>0,+(L30&" / "&O30),"") -> RAIN-X / RPN0005BORBLK | E30: X4 | F30: W | G30: RAINPROOF NYLON | H30: 0005 | I30: BORDEAUX | J30: BLACK | L30: =+B30 -> RAIN-X | M30: =IF(B30>0,+VLOOKUP(B30,'STYLE NAMES'!$B$1:$D$1021,3,FALSE),"") -> H.RUGFL_RXS | N30: =+M30&A30 -> H.RUGFL_RXS0008 | O30: =+R30&H30&S30&T30 -> RPN0005BORBLK | P30: =+N30&"_"&O30 -> H.RUGFL_RXS0008_RPN0005BORBLK | R30: =IF(G30>0,+VLOOKUP(G30,'MASTER CODE DATA'!O$2:P$99,2,FALSE),"") -> RPN | S30: =IF(I30>0,+VLOOKUP(I30,'MASTER CODE DATA'!Q$2:R$999,2,FALSE),"") -> BOR | T30: =IF(J30>0,+VLOOKUP(J30,'MASTER CODE DATA'!Q$2:R$999,2,FALSE),"") -> BLK | V30: 2402_S01_34049 | W30: 2402_S01_34050 | X30: 2402_S01_34053 | AN30: =+VLOOKUP(P30,'[2]STYLES & MODELS MATRIX'!$F:$G,2,FALSE) -> 0
A31: 0008 | B31: RAIN-X | C31: =IF(B31>0,+VLOOKUP(B31,'STYLE NAMES'!$B$1:$C$1007,2,FALSE),"") -> RAINPROOF EXERCISE SHEET | D31: =IF(B31>0,+(L31&" / "&O31),"") -> RAIN-X / RPN0005BEGBLK | E31: X4 | F31: W | G31: RAINPROOF NYLON | H31: 0005 | I31: BEIGE | J31: BLACK | L31: =+B31 -> RAIN-X | M31: =IF(B31>0,+VLOOKUP(B31,'STYLE NAMES'!$B$1:$D$1021,3,FALSE),"") -> H.RUGFL_RXS | N31: =+M31&A31 -> H.RUGFL_RXS0008 | O31: =+R31&H31&S31&T31 -> RPN0005BEGBLK | P31: =+N31&"_"&O31 -> H.RUGFL_RXS0008_RPN0005BEGBLK | R31: =IF(G31>0,+VLOOKUP(G31,'MASTER CODE DATA'!O$2:P$99,2,FALSE),"") -> RPN | S31: =IF(I31>0,+VLOOKUP(I31,'MASTER CODE DATA'!Q$2:R$999,2,FALSE),"") -> BEG | T31: =IF(J31>0,+VLOOKUP(J31,'MASTER CODE DATA'!Q$2:R$999,2,FALSE),"") -> BLK | V31: 2402_S01_34068 | W31: 2402_S01_34071 | X31: 2402_S01_34075 | Y31: 2402_S01_34077 | AN31: =+VLOOKUP(P31,'[2]STYLES & MODELS MATRIX'!$F:$G,2,FALSE) -> 0
A32: 0008 | B32: RAIN-X | C32: =IF(B32>0,+VLOOKUP(B32,'STYLE NAMES'!$B$1:$C$1007,2,FALSE),"") -> RAINPROOF EXERCISE SHEET | D32: =IF(B32>0,+(L32&" / "&O32),"") -> RAIN-X / RPN0005BLKGLD | E32: X4 | F32: W | G32: RAINPROOF NYLON | H32: 0005 | I32: BLACK | J32: GOLD | L32: =+B32 -> RAIN-X | M32: =IF(B32>0,+VLOOKUP(B32,'STYLE NAMES'!$B$1:$D$1021,3,FALSE),"") -> H.RUGFL_RXS | N32: =+M32&A32 -> H.RUGFL_RXS0008 | O32: =+R32&H32&S32&T32 -> RPN0005BLKGLD | P32: =+N32&"_"&O32 -> H.RUGFL_RXS0008_RPN0005BLKGLD | R32: =IF(G32>0,+VLOOKUP(G32,'MASTER CODE DATA'!O$2:P$99,2,FALSE),"") -> RPN | S32: =IF(I32>0,+VLOOKUP(I32,'MASTER CODE DATA'!Q$2:R$999,2,FALSE),"") -> BLK | T32: =IF(J32>0,+VLOOKUP(J32,'MASTER CODE DATA'!Q$2:R$999,2,FALSE),"") -> GLD | V32: 2402_S01_34055 | W32: 2402_S01_34058 | X32: 2402_S01_34061 | AN32: =+VLOOKUP(P32,'[2]STYLES & MODELS MATRIX'!$F:$G,2,FALSE) -> 0
A33: 0009 | B33: LONDON-H | C33: =IF(B33>0,+VLOOKUP(B33,'STYLE NAMES'!$B$1:$C$1007,2,FALSE),"") -> HERITAGE DIAMOND SADDLE PAD | D33: =IF(B33>0,+(L33&" / "&O33),"") -> LONDON-H / TWL0007BEGBRW | E33: X4 | F33: A | G33: TWILL | H33: 0007 | I33: BEIGE | J33: BROWN | L33: =+B33 -> LONDON-H | M33: =IF(B33>0,+VLOOKUP(B33,'STYLE NAMES'!$B$1:$D$1021,3,FALSE),"") -> H.PADFL_SPD | N33: =+M33&A33 -> H.PADFL_SPD0009 | O33: =+R33&H33&S33&T33 -> TWL0007BEGBRW | P33: =+N33&"_"&O33 -> H.PADFL_SPD0009_TWL0007BEGBRW | R33: =IF(G33>0,+VLOOKUP(G33,'MASTER CODE DATA'!O$2:P$99,2,FALSE),"") -> TWL | S33: =IF(I33>0,+VLOOKUP(I33,'MASTER CODE DATA'!Q$2:R$999,2,FALSE),"") -> BEG | T33: =IF(J33>0,+VLOOKUP(J33,'MASTER CODE DATA'!Q$2:R$999,2,FALSE),"") -> BRW | V33: 2402_S01_32708 | W33: 2402_S01_32706 | X33: 2402_S01_32709 | Y33: 2402_S01_32711 | AN33: =+VLOOKUP(P33,'[2]STYLES & MODELS MATRIX'!$F:$G,2,FALSE) -> 0
A34: 0009 | B34: LONDON-H | C34: =IF(B34>0,+VLOOKUP(B34,'STYLE NAMES'!$B$1:$C$1007,2,FALSE),"") -> HERITAGE DIAMOND SADDLE PAD | D34: =IF(B34>0,+(L34&" / "&O34),"") -> LONDON-H / TWL0007WHTWHT | E34: X4 | F34: A | G34: TWILL | H34: 0007 | I34: WHITE | J34: WHITE | L34: =+B34 -> LONDON-H | M34: =IF(B34>0,+VLOOKUP(B34,'STYLE NAMES'!$B$1:$D$1021,3,FALSE),"") -> H.PADFL_SPD | N34: =+M34&A34 -> H.PADFL_SPD0009 | O34: =+R34&H34&S34&T34 -> TWL0007WHTWHT | P34: =+N34&"_"&O34 -> H.PADFL_SPD0009_TWL0007WHTWHT | R34: =IF(G34>0,+VLOOKUP(G34,'MASTER CODE DATA'!O$2:P$99,2,FALSE),"") -> TWL | S34: =IF(I34>0,+VLOOKUP(I34,'MASTER CODE DATA'!Q$2:R$999,2,FALSE),"") -> WHT | T34: =IF(J34>0,+VLOOKUP(J34,'MASTER CODE DATA'!Q$2:R$999,2,FALSE),"") -> WHT | V34: 2402_S01_33137 | W34: 2402_S01_33139 | X34: 2402_S01_33133 | AN34: =+VLOOKUP(P34,'[2]STYLES & MODELS MATRIX'!$F:$G,2,FALSE) -> 0
A35: 0010 | B35: MANCHESTER | C35: =IF(B35>0,+VLOOKUP(B35,'STYLE NAMES'!$B$1:$C$1007,2,FALSE),"") -> SUEDE SADDLE PAD | D35: =IF(B35>0,+(L35&" / "&O35),"") -> MANCHESTER / SUE0010NAVNAV | E35: X4 | F35: A | G35: SUEDE | H35: 0010 | I35: NAVY | J35: NAVY | L35: =+B35 -> MANCHESTER | M35: =IF(B35>0,+VLOOKUP(B35,'STYLE NAMES'!$B$1:$D$1021,3,FALSE),"") -> H.PADFL_SPR | N35: =+M35&A35 -> H.PADFL_SPR0010 | O35: =+R35&H35&S35&T35 -> SUE0010NAVNAV | P35: =+N35&"_"&O35 -> H.PADFL_SPR0010_SUE0010NAVNAV | R35: =IF(G35>0,+VLOOKUP(G35,'MASTER CODE DATA'!O$2:P$99,2,FALSE),"") -> SUE | S35: =IF(I35>0,+VLOOKUP(I35,'MASTER CODE DATA'!Q$2:R$999,2,FALSE),"") -> NAV | T35: =IF(J35>0,+VLOOKUP(J35,'MASTER CODE DATA'!Q$2:R$999,2,FALSE),"") -> NAV | V35: 2402_S01_33128 | W35: 2402_S01_33130 | X35: 2402_S01_33126 | AN35: =+VLOOKUP(P35,'[2]STYLES & MODELS MATRIX'!$F:$G,2,FALSE) -> 0
A36: 0010 | B36: MANCHESTER | C36: =IF(B36>0,+VLOOKUP(B36,'STYLE NAMES'!$B$1:$C$1007,2,FALSE),"") -> SUEDE SADDLE PAD | D36: =IF(B36>0,+(L36&" / "&O36),"") -> MANCHESTER / SUE0010RYLRYL | E36: X4 | F36: A | G36: SUEDE | H36: 0010 | I36: ROYAL BLUE | J36: ROYAL BLUE | L36: =+B36 -> MANCHESTER | M36: =IF(B36>0,+VLOOKUP(B36,'STYLE NAMES'!$B$1:$D$1021,3,FALSE),"") -> H.PADFL_SPR | N36: =+M36&A36 -> H.PADFL_SPR0010 | O36: =+R36&H36&S36&T36 -> SUE0010RYLRYL | P36: =+N36&"_"&O36 -> H.PADFL_SPR0010_SUE0010RYLRYL | R36: =IF(G36>0,+VLOOKUP(G36,'MASTER CODE DATA'!O$2:P$99,2,FALSE),"") -> SUE | S36: =IF(I36>0,+VLOOKUP(I36,'MASTER CODE DATA'!Q$2:R$999,2,FALSE),"") -> RYL | T36: =IF(J36>0,+VLOOKUP(J36,'MASTER CODE DATA'!Q$2:R$999,2,FALSE),"") -> RYL | V36: 2402_S01_33149 | W36: 2402_S01_33151 | X36: 2402_S01_33147 | AN36: =+VLOOKUP(P36,'[2]STYLES & MODELS MATRIX'!$F:$G,2,FALSE) -> 0
A37: 0010 | B37: MANCHESTER | C37: =IF(B37>0,+VLOOKUP(B37,'STYLE NAMES'!$B$1:$C$1007,2,FALSE),"") -> SUEDE SADDLE PAD | D37: =IF(B37>0,+(L37&" / "&O37),"") -> MANCHESTER / SUE0010CHOCHO | E37: X4 | F37: A | G37: SUEDE | H37: 0010 | I37: CHOCOLATE | J37: CHOCOLATE | L37: =+B37 -> MANCHESTER | M37: =IF(B37>0,+VLOOKUP(B37,'STYLE NAMES'!$B$1:$D$1021,3,FALSE),"") -> H.PADFL_SPR | N37: =+M37&A37 -> H.PADFL_SPR0010 | O37: =+R37&H37&S37&T37 -> SUE0010CHOCHO | P37: =+N37&"_"&O37 -> H.PADFL_SPR0010_SUE0010CHOCHO | R37: =IF(G37>0,+VLOOKUP(G37,'MASTER CODE DATA'!O$2:P$99,2,FALSE),"") -> SUE | S37: =IF(I37>0,+VLOOKUP(I37,'MASTER CODE DATA'!Q$2:R$999,2,FALSE),"") -> CHO | T37: =IF(J37>0,+VLOOKUP(J37,'MASTER CODE DATA'!Q$2:R$999,2,FALSE),"") -> CHO | V37: 2402_S01_33155 | W37: 2402_S01_33157 | X37: 2402_S01_33153 | AN37: =+VLOOKUP(P37,'[2]STYLES & MODELS MATRIX'!$F:$G,2,FALSE) -> 0
A38: 0010 | B38: MANCHESTER | C38: =IF(B38>0,+VLOOKUP(B38,'STYLE NAMES'!$B$1:$C$1007,2,FALSE),"") -> SUEDE SADDLE PAD | D38: =IF(B38>0,+(L38&" / "&O38),"") -> MANCHESTER / SUE0010LATLAT | E38: X4 | F38: A | G38: SUEDE | H38: 0010 | I38: LATTE | J38: LATTE | L38: =+B38 -> MANCHESTER | M38: =IF(B38>0,+VLOOKUP(B38,'STYLE NAMES'!$B$1:$D$1021,3,FALSE),"") -> H.PADFL_SPR | N38: =+M38&A38 -> H.PADFL_SPR0010 | O38: =+R38&H38&S38&T38 -> SUE0010LATLAT | P38: =+N38&"_"&O38 -> H.PADFL_SPR0010_SUE0010LATLAT | R38: =IF(G38>0,+VLOOKUP(G38,'MASTER CODE DATA'!O$2:P$99,2,FALSE),"") -> SUE | S38: =IF(I38>0,+VLOOKUP(I38,'MASTER CODE DATA'!Q$2:R$999,2,FALSE),"") -> LAT | T38: =IF(J38>0,+VLOOKUP(J38,'MASTER CODE DATA'!Q$2:R$999,2,FALSE),"") -> LAT | V38: 2402_S01_33142 | W38: 2402_S01_33145 | X38: 2402_S01_33140 | AN38: =+VLOOKUP(P38,'[2]STYLES & MODELS MATRIX'!$F:$G,2,FALSE) -> 0
A39: 0011 | B39: PARIS | C39: =IF(B39>0,+VLOOKUP(B39,'STYLE NAMES'!$B$1:$C$1007,2,FALSE),"") -> HONEYCOMB SADDLE PAD | D39: =IF(B39>0,+(L39&" / "&O39),"") -> PARIS / STN0008FCHBLK | E39: X4 | F39: A | G39: SATIN | H39: 0008 | I39: FUCHSIA | J39: BLACK | L39: =+B39 -> PARIS | M39: =IF(B39>0,+VLOOKUP(B39,'STYLE NAMES'!$B$1:$D$1021,3,FALSE),"") -> H.PADFL_SPH | N39: =+M39&A39 -> H.PADFL_SPH0011 | O39: =+R39&H39&S39&T39 -> STN0008FCHBLK | P39: =+N39&"_"&O39 -> H.PADFL_SPH0011_STN0008FCHBLK | R39: =IF(G39>0,+VLOOKUP(G39,'MASTER CODE DATA'!O$2:P$99,2,FALSE),"") -> STN | S39: =IF(I39>0,+VLOOKUP(I39,'MASTER CODE DATA'!Q$2:R$999,2,FALSE),"") -> FCH | T39: =IF(J39>0,+VLOOKUP(J39,'MASTER CODE DATA'!Q$2:R$999,2,FALSE),"") -> BLK | V39: 2402_S01_32790 | W39: 2402_S01_32792 | X39: 2402_S01_32788 | Y39: 2402_S01_32794 | AN39: =+VLOOKUP(P39,'[2]STYLES & MODELS MATRIX'!$F:$G,2,FALSE) -> 0
A40: 0011 | B40: PARIS | C40: =IF(B40>0,+VLOOKUP(B40,'STYLE NAMES'!$B$1:$C$1007,2,FALSE),"") -> HONEYCOMB SADDLE PAD | D40: =IF(B40>0,+(L40&" / "&O40),"") -> PARIS / TWL0008NAVGLD | E40: X4 | F40: A | G40: TWILL | H40: 0008 | I40: NAVY | J40: GOLD | L40: =+B40 -> PARIS | M40: =IF(B40>0,+VLOOKUP(B40,'STYLE NAMES'!$B$1:$D$1021,3,FALSE),"") -> H.PADFL_SPH | N40: =+M40&A40 -> H.PADFL_SPH0011 | O40: =+R40&H40&S40&T40 -> TWL0008NAVGLD | P40: =+N40&"_"&O40 -> H.PADFL_SPH0011_TWL0008NAVGLD | R40: =IF(G40>0,+VLOOKUP(G40,'MASTER CODE DATA'!O$2:P$99,2,FALSE),"") -> TWL | S40: =IF(I40>0,+VLOOKUP(I40,'MASTER CODE DATA'!Q$2:R$999,2,FALSE),"") -> NAV | T40: =IF(J40>0,+VLOOKUP(J40,'MASTER CODE DATA'!Q$2:R$999,2,FALSE),"") -> GLD | V40: PARIS NAVY-GOLD 1 | W40: PARIS NAVY-GOLD 2 | X40: PARIS NAVY-GOLD 3 | AN40: =+VLOOKUP(P40,'[2]STYLES & MODELS MATRIX'!$F:$G,2,FALSE) -> 0
A41: 0011 | B41: PARIS | C41: =IF(B41>0,+VLOOKUP(B41,'STYLE NAMES'!$B$1:$C$1007,2,FALSE),"") -> HONEYCOMB SADDLE PAD | D41: =IF(B41>0,+(L41&" / "&O41),"") -> PARIS / TWL0008RYLBRZ | E41: X4 | F41: A | G41: TWILL | H41: 0008 | I41: ROYAL BLUE | J41: BRONZE | L41: =+B41 -> PARIS | M41: =IF(B41>0,+VLOOKUP(B41,'STYLE NAMES'!$B$1:$D$1021,3,FALSE),"") -> H.PADFL_SPH | N41: =+M41&A41 -> H.PADFL_SPH0011 | O41: =+R41&H41&S41&T41 -> TWL0008RYLBRZ | P41: =+N41&"_"&O41 -> H.PADFL_SPH0011_TWL0008RYLBRZ | R41: =IF(G41>0,+VLOOKUP(G41,'MASTER CODE DATA'!O$2:P$99,2,FALSE),"") -> TWL | S41: =IF(I41>0,+VLOOKUP(I41,'MASTER CODE DATA'!Q$2:R$999,2,FALSE),"") -> RYL | T41: =IF(J41>0,+VLOOKUP(J41,'MASTER CODE DATA'!Q$2:R$999,2,FALSE),"") -> BRZ | V41: PARIS ROYAL BLUE-BRONZE 1 | W41: PARIS ROYAL BLUE-BRONZE 2 | X41: PARIS ROYAL BLUE-BRONZE 3 | AN41: =+VLOOKUP(P41,'[2]STYLES & MODELS MATRIX'!$F:$G,2,FALSE) -> 0
A42: 0011 | B42: PARIS | C42: =IF(B42>0,+VLOOKUP(B42,'STYLE NAMES'!$B$1:$C$1007,2,FALSE),"") -> HONEYCOMB SADDLE PAD | D42: =IF(B42>0,+(L42&" / "&O42),"") -> PARIS / TWL0008WHTWHT | E42: X4 | F42: A | G42: TWILL | H42: 0008 | I42: WHITE | J42: WHITE | L42: =+B42 -> PARIS | M42: =IF(B42>0,+VLOOKUP(B42,'STYLE NAMES'!$B$1:$D$1021,3,FALSE),"") -> H.PADFL_SPH | N42: =+M42&A42 -> H.PADFL_SPH0011 | O42: =+R42&H42&S42&T42 -> TWL0008WHTWHT | P42: =+N42&"_"&O42 -> H.PADFL_SPH0011_TWL0008WHTWHT | R42: =IF(G42>0,+VLOOKUP(G42,'MASTER CODE DATA'!O$2:P$99,2,FALSE),"") -> TWL | S42: =IF(I42>0,+VLOOKUP(I42,'MASTER CODE DATA'!Q$2:R$999,2,FALSE),"") -> WHT | T42: =IF(J42>0,+VLOOKUP(J42,'MASTER CODE DATA'!Q$2:R$999,2,FALSE),"") -> WHT | V42: PARIS WHITE-WHITE 1 | W42: PARIS WHITE-WHITE 2 | X42: PARIS WHITE-WHITE 3 | AN42: =+VLOOKUP(P42,'[2]STYLES & MODELS MATRIX'!$F:$G,2,FALSE) -> 0
A43: 0011 | B43: PARIS | C43: =IF(B43>0,+VLOOKUP(B43,'STYLE NAMES'!$B$1:$C$1007,2,FALSE),"") -> HONEYCOMB SADDLE PAD | D43: =IF(B43>0,+(L43&" / "&O43),"") -> PARIS / STN0008BLKGLD | E43: X4 | F43: A | G43: SATIN | H43: 0008 | I43: BLACK | J43: GOLD | L43: =+B43 -> PARIS | M43: =IF(B43>0,+VLOOKUP(B43,'STYLE NAMES'!$B$1:$D$1021,3,FALSE),"") -> H.PADFL_SPH | N43: =+M43&A43 -> H.PADFL_SPH0011 | O43: =+R43&H43&S43&T43 -> STN0008BLKGLD | P43: =+N43&"_"&O43 -> H.PADFL_SPH0011_STN0008BLKGLD | R43: =IF(G43>0,+VLOOKUP(G43,'MASTER CODE DATA'!O$2:P$99,2,FALSE),"") -> STN | S43: =IF(I43>0,+VLOOKUP(I43,'MASTER CODE DATA'!Q$2:R$999,2,FALSE),"") -> BLK | T43: =IF(J43>0,+VLOOKUP(J43,'MASTER CODE DATA'!Q$2:R$999,2,FALSE),"") -> GLD | V43: 2402_S01_32805 | W43: 2402_S01_32808 | X43: 2402_S01_32804 | Y43: 2402_S01_32810 | AN43: =+VLOOKUP(P43,'[2]STYLES & MODELS MATRIX'!$F:$G,2,FALSE) -> 0
A44: 0011 | B44: PARIS | C44: =IF(B44>0,+VLOOKUP(B44,'STYLE NAMES'!$B$1:$C$1007,2,FALSE),"") -> HONEYCOMB SADDLE PAD | D44: =IF(B44>0,+(L44&" / "&O44),"") -> PARIS / TWL0009ORGORG | E44: X4 | F44: A | G44: TWILL | H44: 0009 | I44: ORANGE | J44: ORANGE | L44: =+B44 -> PARIS | M44: =IF(B44>0,+VLOOKUP(B44,'STYLE NAMES'!$B$1:$D$1021,3,FALSE),"") -> H.PADFL_SPH | N44: =+M44&A44 -> H.PADFL_SPH0011 | O44: =+R44&H44&S44&T44 -> TWL0009ORGORG | P44: =+N44&"_"&O44 -> H.PADFL_SPH0011_TWL0009ORGORG | R44: =IF(G44>0,+VLOOKUP(G44,'MASTER CODE DATA'!O$2:P$99,2,FALSE),"") -> TWL | S44: =IF(I44>0,+VLOOKUP(I44,'MASTER CODE DATA'!Q$2:R$999,2,FALSE),"") -> ORG | T44: =IF(J44>0,+VLOOKUP(J44,'MASTER CODE DATA'!Q$2:R$999,2,FALSE),"") -> ORG | V44: 2402_S01_32828 | W44: 2402_S01_32830 | X44: 2402_S01_32838 | Y44: 2402_S01_32826 | AN44: =+VLOOKUP(P44,'[2]STYLES & MODELS MATRIX'!$F:$G,2,FALSE) -> 0
A45: 0011 | B45: PARIS | C45: =IF(B45>0,+VLOOKUP(B45,'STYLE NAMES'!$B$1:$C$1007,2,FALSE),"") -> HONEYCOMB SADDLE PAD | D45: =IF(B45>0,+(L45&" / "&O45),"") -> PARIS / STN0008ELBELB | E45: X4 | F45: A | G45: SATIN | H45: 0008 | I45: ELECTRIC BLUE | J45: ELECTRIC BLUE | L45: =+B45 -> PARIS | M45: =IF(B45>0,+VLOOKUP(B45,'STYLE NAMES'!$B$1:$D$1021,3,FALSE),"") -> H.PADFL_SPH | N45: =+M45&A45 -> H.PADFL_SPH0011 | O45: =+R45&H45&S45&T45 -> STN0008ELBELB | P45: =+N45&"_"&O45 -> H.PADFL_SPH0011_STN0008ELBELB | R45: =IF(G45>0,+VLOOKUP(G45,'MASTER CODE DATA'!O$2:P$99,2,FALSE),"") -> STN | S45: =IF(I45>0,+VLOOKUP(I45,'MASTER CODE DATA'!Q$2:R$999,2,FALSE),"") -> ELB | T45: =IF(J45>0,+VLOOKUP(J45,'MASTER CODE DATA'!Q$2:R$999,2,FALSE),"") -> ELB | V45: 2402_S01_32815 | W45: 2402_S01_32817 | X45: 2402_S01_32813 | Y45: 2402_S01_32822 | AN45: =+VLOOKUP(P45,'[2]STYLES & MODELS MATRIX'!$F:$G,2,FALSE) -> 0
A46: 0012 | B46: LONDON | C46: =IF(B46>0,+VLOOKUP(B46,'STYLE NAMES'!$B$1:$C$1007,2,FALSE),"") -> DIAMOND SADDLE PAD | D46: =IF(B46>0,+(L46&" / "&O46),"") -> LONDON / STN0006BLKBLK | E46: X4 | F46: A | G46: SATIN | H46: 0006 | I46: BLACK | J46: BLACK | L46: =+B46 -> LONDON | M46: =IF(B46>0,+VLOOKUP(B46,'STYLE NAMES'!$B$1:$D$1021,3,FALSE),"") -> H.PADFL_SPD | N46: =+M46&A46 -> H.PADFL_SPD0012 | O46: =+R46&H46&S46&T46 -> STN0006BLKBLK | P46: =+N46&"_"&O46 -> H.PADFL_SPD0012_STN0006BLKBLK | R46: =IF(G46>0,+VLOOKUP(G46,'MASTER CODE DATA'!O$2:P$99,2,FALSE),"") -> STN | S46: =IF(I46>0,+VLOOKUP(I46,'MASTER CODE DATA'!Q$2:R$999,2,FALSE),"") -> BLK | T46: =IF(J46>0,+VLOOKUP(J46,'MASTER CODE DATA'!Q$2:R$999,2,FALSE),"") -> BLK | V46: 2402_S01_32715 | W46: 2402_S01_32718 | X46: 2402_S01_32714 | Y46: 2402_S01_32724 | AN46: =+VLOOKUP(P46,'[2]STYLES & MODELS MATRIX'!$F:$G,2,FALSE) -> 0
A47: 0012 | B47: LONDON | C47: =IF(B47>0,+VLOOKUP(B47,'STYLE NAMES'!$B$1:$C$1007,2,FALSE),"") -> DIAMOND SADDLE PAD | D47: =IF(B47>0,+(L47&" / "&O47),"") -> LONDON / STN0006BRWGLD | E47: X4 | F47: A | G47: SATIN | H47: 0006 | I47: BROWN | J47: GOLD | L47: =+B47 -> LONDON | M47: =IF(B47>0,+VLOOKUP(B47,'STYLE NAMES'!$B$1:$D$1021,3,FALSE),"") -> H.PADFL_SPD | N47: =+M47&A47 -> H.PADFL_SPD0012 | O47: =+R47&H47&S47&T47 -> STN0006BRWGLD | P47: =+N47&"_"&O47 -> H.PADFL_SPD0012_STN0006BRWGLD | R47: =IF(G47>0,+VLOOKUP(G47,'MASTER CODE DATA'!O$2:P$99,2,FALSE),"") -> STN | S47: =IF(I47>0,+VLOOKUP(I47,'MASTER CODE DATA'!Q$2:R$999,2,FALSE),"") -> BRW | T47: =IF(J47>0,+VLOOKUP(J47,'MASTER CODE DATA'!Q$2:R$999,2,FALSE),"") -> GLD | V47: 2402_S01_32778 | W47: 2402_S01_32780 | X47: 2402_S01_32783 | Y47: 2402_S01_32775 | AN47: =+VLOOKUP(P47,'[2]STYLES & MODELS MATRIX'!$F:$G,2,FALSE) -> 0
A48: 0012 | B48: LONDON | C48: =IF(B48>0,+VLOOKUP(B48,'STYLE NAMES'!$B$1:$C$1007,2,FALSE),"") -> DIAMOND SADDLE PAD | D48: =IF(B48>0,+(L48&" / "&O48),"") -> LONDON / TWL0007NAVGLD | E48: X4 | F48: A | G48: TWILL | H48: 0007 | I48: NAVY | J48: GOLD | L48: =+B48 -> LONDON | M48: =IF(B48>0,+VLOOKUP(B48,'STYLE NAMES'!$B$1:$D$1021,3,FALSE),"") -> H.PADFL_SPD | N48: =+M48&A48 -> H.PADFL_SPD0012 | O48: =+R48&H48&S48&T48 -> TWL0007NAVGLD | P48: =+N48&"_"&O48 -> H.PADFL_SPD0012_TWL0007NAVGLD | R48: =IF(G48>0,+VLOOKUP(G48,'MASTER CODE DATA'!O$2:P$99,2,FALSE),"") -> TWL | S48: =IF(I48>0,+VLOOKUP(I48,'MASTER CODE DATA'!Q$2:R$999,2,FALSE),"") -> NAV | T48: =IF(J48>0,+VLOOKUP(J48,'MASTER CODE DATA'!Q$2:R$999,2,FALSE),"") -> GLD | V48: 2402_S01_32729 | W48: 2402_S01_32732 | X48: 2402_S01_32734 | Y48: 2402_S01_32727 | AN48: =+VLOOKUP(P48,'[2]STYLES & MODELS MATRIX'!$F:$G,2,FALSE) -> 0
A49: 0012 | B49: LONDON | C49: =IF(B49>0,+VLOOKUP(B49,'STYLE NAMES'!$B$1:$C$1007,2,FALSE),"") -> DIAMOND SADDLE PAD | D49: =IF(B49>0,+(L49&" / "&O49),"") -> LONDON / STN0006BLKRGL | E49: X4 | F49: A | G49: SATIN | H49: 0006 | I49: BLACK | J49: ROSE GOLD | L49: =+B49 -> LONDON | M49: =IF(B49>0,+VLOOKUP(B49,'STYLE NAMES'!$B$1:$D$1021,3,FALSE),"") -> H.PADFL_SPD | N49: =+M49&A49 -> H.PADFL_SPD0012 | O49: =+R49&H49&S49&T49 -> STN0006BLKRGL | P49: =+N49&"_"&O49 -> H.PADFL_SPD0012_STN0006BLKRGL | R49: =IF(G49>0,+VLOOKUP(G49,'MASTER CODE DATA'!O$2:P$99,2,FALSE),"") -> STN | S49: =IF(I49>0,+VLOOKUP(I49,'MASTER CODE DATA'!Q$2:R$999,2,FALSE),"") -> BLK | T49: =IF(J49>0,+VLOOKUP(J49,'MASTER CODE DATA'!Q$2:R$999,2,FALSE),"") -> RGL | V49: 2402_S01_32740 | W49: 2402_S01_32738 | AN49: =+VLOOKUP(P49,'[2]STYLES & MODELS MATRIX'!$F:$G,2,FALSE) -> 0
A50: 0012 | B50: LONDON | C50: =IF(B50>0,+VLOOKUP(B50,'STYLE NAMES'!$B$1:$C$1007,2,FALSE),"") -> DIAMOND SADDLE PAD | D50: =IF(B50>0,+(L50&" / "&O50),"") -> LONDON / TWL0007DORDOR | E50: X4 | F50: A | G50: TWILL | H50: 0007 | I50: DARK ORANGE | J50: DARK ORANGE | L50: =+B50 -> LONDON | M50: =IF(B50>0,+VLOOKUP(B50,'STYLE NAMES'!$B$1:$D$1021,3,FALSE),"") -> H.PADFL_SPD | N50: =+M50&A50 -> H.PADFL_SPD0012 | O50: =+R50&H50&S50&T50 -> TWL0007DORDOR | P50: =+N50&"_"&O50 -> H.PADFL_SPD0012_TWL0007DORDOR | R50: =IF(G50>0,+VLOOKUP(G50,'MASTER CODE DATA'!O$2:P$99,2,FALSE),"") -> TWL | S50: =IF(I50>0,+VLOOKUP(I50,'MASTER CODE DATA'!Q$2:R$999,2,FALSE),"") -> DOR | T50: =IF(J50>0,+VLOOKUP(J50,'MASTER CODE DATA'!Q$2:R$999,2,FALSE),"") -> DOR | V50: 2402_S01_32758 | W50: 2402_S01_32761 | X50: 2402_S01_32756 | Y50: 2402_S01_32763 | AN50: =+VLOOKUP(P50,'[2]STYLES & MODELS MATRIX'!$F:$G,2,FALSE) -> 0
A51: 0012 | B51: LONDON | C51: =IF(B51>0,+VLOOKUP(B51,'STYLE NAMES'!$B$1:$C$1007,2,FALSE),"") -> DIAMOND SADDLE PAD | D51: =IF(B51>0,+(L51&" / "&O51),"") -> LONDON / TWL0007PANBRW | E51: X4 | F51: A | G51: TWILL | H51: 0007 | I51: PANNA | J51: BROWN | L51: =+B51 -> LONDON | M51: =IF(B51>0,+VLOOKUP(B51,'STYLE NAMES'!$B$1:$D$1021,3,FALSE),"") -> H.PADFL_SPD | N51: =+M51&A51 -> H.PADFL_SPD0012 | O51: =+R51&H51&S51&T51 -> TWL0007PANBRW | P51: =+N51&"_"&O51 -> H.PADFL_SPD0012_TWL0007PANBRW | R51: =IF(G51>0,+VLOOKUP(G51,'MASTER CODE DATA'!O$2:P$99,2,FALSE),"") -> TWL | S51: =IF(I51>0,+VLOOKUP(I51,'MASTER CODE DATA'!Q$2:R$999,2,FALSE),"") -> PAN | T51: =IF(J51>0,+VLOOKUP(J51,'MASTER CODE DATA'!Q$2:R$999,2,FALSE),"") -> BRW | V51: LONDON PANNA-BROWN 1 | W51: LONDON PANNA-BROWN 2 | X51: LONDON PANNA-BROWN 3 | AN51: =+VLOOKUP(P51,'[2]STYLES & MODELS MATRIX'!$F:$G,2,FALSE) -> 0
A52: 0012 | B52: LONDON | C52: =IF(B52>0,+VLOOKUP(B52,'STYLE NAMES'!$B$1:$C$1007,2,FALSE),"") -> DIAMOND SADDLE PAD | D52: =IF(B52>0,+(L52&" / "&O52),"") -> LONDON / STN0006BORGLD | E52: X4 | F52: A | G52: SATIN | H52: 0006 | I52: BORDEAUX | J52: GOLD | L52: =+B52 -> LONDON | M52: =IF(B52>0,+VLOOKUP(B52,'STYLE NAMES'!$B$1:$D$1021,3,FALSE),"") -> H.PADFL_SPD | N52: =+M52&A52 -> H.PADFL_SPD0012 | O52: =+R52&H52&S52&T52 -> STN0006BORGLD | P52: =+N52&"_"&O52 -> H.PADFL_SPD0012_STN0006BORGLD | R52: =IF(G52>0,+VLOOKUP(G52,'MASTER CODE DATA'!O$2:P$99,2,FALSE),"") -> STN | S52: =IF(I52>0,+VLOOKUP(I52,'MASTER CODE DATA'!Q$2:R$999,2,FALSE),"") -> BOR | T52: =IF(J52>0,+VLOOKUP(J52,'MASTER CODE DATA'!Q$2:R$999,2,FALSE),"") -> GLD | V52: 2402_S01_32798 | W52: 2402_S01_32800 | X52: 2402_S01_32796 | AN52: =+VLOOKUP(P52,'[2]STYLES & MODELS MATRIX'!$F:$G,2,FALSE) -> 0
A53: 0013 | B53: PARIS-P | C53: =IF(B53>0,+VLOOKUP(B53,'STYLE NAMES'!$B$1:$C$1007,2,FALSE),"") -> HONEYCOMB SADDLEPAD | D53: =IF(B53>0,+(L53&" / "&O53),"") -> PARIS-P / STN0008FCHBLK | E53: X4 | F53: A | G53: SATIN | H53: 0008 | I53: FUCHSIA | J53: BLACK | L53: =+B53 -> PARIS-P | M53: =IF(B53>0,+VLOOKUP(B53,'STYLE NAMES'!$B$1:$D$1021,3,FALSE),"") -> H.PADPN_SPH | N53: =+M53&A53 -> H.PADPN_SPH0013 | O53: =+R53&H53&S53&T53 -> STN0008FCHBLK | P53: =+N53&"_"&O53 -> H.PADPN_SPH0013_STN0008FCHBLK | R53: =IF(G53>0,+VLOOKUP(G53,'MASTER CODE DATA'!O$2:P$99,2,FALSE),"") -> STN | S53: =IF(I53>0,+VLOOKUP(I53,'MASTER CODE DATA'!Q$2:R$999,2,FALSE),"") -> FCH | T53: =IF(J53>0,+VLOOKUP(J53,'MASTER CODE DATA'!Q$2:R$999,2,FALSE),"") -> BLK | V53: 2402_S01_32609 | W53: 2402_S01_32614 | X53: 2402_S01_32621 | Y53: 2402_S01_32625 | AN53: =+VLOOKUP(P53,'[2]STYLES & MODELS MATRIX'!$F:$G,2,FALSE) -> 0
A54: 0013 | B54: PARIS-P | C54: =IF(B54>0,+VLOOKUP(B54,'STYLE NAMES'!$B$1:$C$1007,2,FALSE),"") -> HONEYCOMB SADDLEPAD | D54: =IF(B54>0,+(L54&" / "&O54),"") -> PARIS-P / STN0008ELBELB | E54: X4 | F54: A | G54: SATIN | H54: 0008 | I54: ELECTRIC BLUE | J54: ELECTRIC BLUE | L54: =+B54 -> PARIS-P | M54: =IF(B54>0,+VLOOKUP(B54,'STYLE NAMES'!$B$1:$D$1021,3,FALSE),"") -> H.PADPN_SPH | N54: =+M54&A54 -> H.PADPN_SPH0013 | O54: =+R54&H54&S54&T54 -> STN0008ELBELB | P54: =+N54&"_"&O54 -> H.PADPN_SPH0013_STN0008ELBELB | R54: =IF(G54>0,+VLOOKUP(G54,'MASTER CODE DATA'!O$2:P$99,2,FALSE),"") -> STN | S54: =IF(I54>0,+VLOOKUP(I54,'MASTER CODE DATA'!Q$2:R$999,2,FALSE),"") -> ELB | T54: =IF(J54>0,+VLOOKUP(J54,'MASTER CODE DATA'!Q$2:R$999,2,FALSE),"") -> ELB | V54: 2402_S01_32631 | W54: 2402_S01_32629 | X54: 2402_S01_32635 | Y54: 2402_S01_32628 | AN54: =+VLOOKUP(P54,'[2]STYLES & MODELS MATRIX'!$F:$G,2,FALSE) -> 0
A55: 0013 | B55: PARIS-P | C55: =IF(B55>0,+VLOOKUP(B55,'STYLE NAMES'!$B$1:$C$1007,2,FALSE),"") -> HONEYCOMB SADDLEPAD | D55: =IF(B55>0,+(L55&" / "&O55),"") -> PARIS-P / STN0008ORGORG | E55: X4 | F55: A | G55: SATIN | H55: 0008 | I55: ORANGE | J55: ORANGE | L55: =+B55 -> PARIS-P | M55: =IF(B55>0,+VLOOKUP(B55,'STYLE NAMES'!$B$1:$D$1021,3,FALSE),"") -> H.PADPN_SPH | N55: =+M55&A55 -> H.PADPN_SPH0013 | O55: =+R55&H55&S55&T55 -> STN0008ORGORG | P55: =+N55&"_"&O55 -> H.PADPN_SPH0013_STN0008ORGORG | R55: =IF(G55>0,+VLOOKUP(G55,'MASTER CODE DATA'!O$2:P$99,2,FALSE),"") -> STN | S55: =IF(I55>0,+VLOOKUP(I55,'MASTER CODE DATA'!Q$2:R$999,2,FALSE),"") -> ORG | T55: =IF(J55>0,+VLOOKUP(J55,'MASTER CODE DATA'!Q$2:R$999,2,FALSE),"") -> ORG | V55: 2402_S01_32640 | W55: 2402_S01_32641 | X55: 2402_S01_32644 | Y55: 2402_S01_32638 | AN55: =+VLOOKUP(P55,'[2]STYLES & MODELS MATRIX'!$F:$G,2,FALSE) -> 0
A56: 0013 | B56: PARIS-P | C56: =IF(B56>0,+VLOOKUP(B56,'STYLE NAMES'!$B$1:$C$1007,2,FALSE),"") -> HONEYCOMB SADDLEPAD | D56: =IF(B56>0,+(L56&" / "&O56),"") -> PARIS-P / STN0008NAVGLD | E56: X4 | F56: A | G56: SATIN | H56: 0008 | I56: NAVY | J56: GOLD | L56: =+B56 -> PARIS-P | M56: =IF(B56>0,+VLOOKUP(B56,'STYLE NAMES'!$B$1:$D$1021,3,FALSE),"") -> H.PADPN_SPH | N56: =+M56&A56 -> H.PADPN_SPH0013 | O56: =+R56&H56&S56&T56 -> STN0008NAVGLD | P56: =+N56&"_"&O56 -> H.PADPN_SPH0013_STN0008NAVGLD | R56: =IF(G56>0,+VLOOKUP(G56,'MASTER CODE DATA'!O$2:P$99,2,FALSE),"") -> STN | S56: =IF(I56>0,+VLOOKUP(I56,'MASTER CODE DATA'!Q$2:R$999,2,FALSE),"") -> NAV | T56: =IF(J56>0,+VLOOKUP(J56,'MASTER CODE DATA'!Q$2:R$999,2,FALSE),"") -> GLD | V56: 2402_S01_32656 | W56: 2402_S01_32652 | X56: 2402_S01_32658 | AN56: =+VLOOKUP(P56,'[2]STYLES & MODELS MATRIX'!$F:$G,2,FALSE) -> 0
A57: 0013 | B57: PARIS-P | C57: =IF(B57>0,+VLOOKUP(B57,'STYLE NAMES'!$B$1:$C$1007,2,FALSE),"") -> HONEYCOMB SADDLEPAD | D57: =IF(B57>0,+(L57&" / "&O57),"") -> PARIS-P / STN0008BLKGLD | E57: X4 | F57: A | G57: SATIN | H57: 0008 | I57: BLACK | J57: GOLD | L57: =+B57 -> PARIS-P | M57: =IF(B57>0,+VLOOKUP(B57,'STYLE NAMES'!$B$1:$D$1021,3,FALSE),"") -> H.PADPN_SPH | N57: =+M57&A57 -> H.PADPN_SPH0013 | O57: =+R57&H57&S57&T57 -> STN0008BLKGLD | P57: =+N57&"_"&O57 -> H.PADPN_SPH0013_STN0008BLKGLD | R57: =IF(G57>0,+VLOOKUP(G57,'MASTER CODE DATA'!O$2:P$99,2,FALSE),"") -> STN | S57: =IF(I57>0,+VLOOKUP(I57,'MASTER CODE DATA'!Q$2:R$999,2,FALSE),"") -> BLK | T57: =IF(J57>0,+VLOOKUP(J57,'MASTER CODE DATA'!Q$2:R$999,2,FALSE),"") -> GLD | V57: 2402_S01_32667 | W57: 2402_S01_32669 | X57: 2402_S01_32663 | Y57: 2402_S01_32671 | AN57: =+VLOOKUP(P57,'[2]STYLES & MODELS MATRIX'!$F:$G,2,FALSE) -> 0
A58: 0013 | B58: PARIS-P | C58: =IF(B58>0,+VLOOKUP(B58,'STYLE NAMES'!$B$1:$C$1007,2,FALSE),"") -> HONEYCOMB SADDLEPAD | D58: =IF(B58>0,+(L58&" / "&O58),"") -> PARIS-P / STN0008REDBLK | E58: X4 | F58: A | G58: SATIN | H58: 0008 | I58: RED | J58: BLACK | L58: =+B58 -> PARIS-P | M58: =IF(B58>0,+VLOOKUP(B58,'STYLE NAMES'!$B$1:$D$1021,3,FALSE),"") -> H.PADPN_SPH | N58: =+M58&A58 -> H.PADPN_SPH0013 | O58: =+R58&H58&S58&T58 -> STN0008REDBLK | P58: =+N58&"_"&O58 -> H.PADPN_SPH0013_STN0008REDBLK | R58: =IF(G58>0,+VLOOKUP(G58,'MASTER CODE DATA'!O$2:P$99,2,FALSE),"") -> STN | S58: =IF(I58>0,+VLOOKUP(I58,'MASTER CODE DATA'!Q$2:R$999,2,FALSE),"") -> RED | T58: =IF(J58>0,+VLOOKUP(J58,'MASTER CODE DATA'!Q$2:R$999,2,FALSE),"") -> BLK | V58: 2402_S01_32687 | W58: 2402_S01_32689 | X58: 2402_S01_32685 | AN58: =+VLOOKUP(P58,'[2]STYLES & MODELS MATRIX'!$F:$G,2,FALSE) -> 0
A59: 0014 | B59: LONDON-P | C59: =IF(B59>0,+VLOOKUP(B59,'STYLE NAMES'!$B$1:$C$1007,2,FALSE),"") -> DIAMOND SADDLE PAD | D59: =IF(B59>0,+(L59&" / "&O59),"") -> LONDON-P / STN0006NAVNAV | E59: X4 | F59: A | G59: SATIN | H59: 0006 | I59: NAVY | J59: NAVY | L59: =+B59 -> LONDON-P | M59: =IF(B59>0,+VLOOKUP(B59,'STYLE NAMES'!$B$1:$D$1021,3,FALSE),"") -> H.PADPN_SPD | N59: =+M59&A59 -> H.PADPN_SPD0014 | O59: =+R59&H59&S59&T59 -> STN0006NAVNAV | P59: =+N59&"_"&O59 -> H.PADPN_SPD0014_STN0006NAVNAV | R59: =IF(G59>0,+VLOOKUP(G59,'MASTER CODE DATA'!O$2:P$99,2,FALSE),"") -> STN | S59: =IF(I59>0,+VLOOKUP(I59,'MASTER CODE DATA'!Q$2:R$999,2,FALSE),"") -> NAV | T59: =IF(J59>0,+VLOOKUP(J59,'MASTER CODE DATA'!Q$2:R$999,2,FALSE),"") -> NAV | V59: 2402_S01_32677 | W59: 2402_S01_32679 | X59: 2402_S01_32674 | Y59: 2402_S01_32671 | AN59: =+VLOOKUP(P59,'[2]STYLES & MODELS MATRIX'!$F:$G,2,FALSE) -> 0
A60: 0014 | B60: LONDON-P | C60: =IF(B60>0,+VLOOKUP(B60,'STYLE NAMES'!$B$1:$C$1007,2,FALSE),"") -> DIAMOND SADDLE PAD | D60: =IF(B60>0,+(L60&" / "&O60),"") -> LONDON-P / TWL0007WHTWHT | E60: X4 | F60: A | G60: TWILL | H60: 0007 | I60: WHITE | J60: WHITE | L60: =+B60 -> LONDON-P | M60: =IF(B60>0,+VLOOKUP(B60,'STYLE NAMES'!$B$1:$D$1021,3,FALSE),"") -> H.PADPN_SPD | N60: =+M60&A60 -> H.PADPN_SPD0014 | O60: =+R60&H60&S60&T60 -> TWL0007WHTWHT | P60: =+N60&"_"&O60 -> H.PADPN_SPD0014_TWL0007WHTWHT | R60: =IF(G60>0,+VLOOKUP(G60,'MASTER CODE DATA'!O$2:P$99,2,FALSE),"") -> TWL | S60: =IF(I60>0,+VLOOKUP(I60,'MASTER CODE DATA'!Q$2:R$999,2,FALSE),"") -> WHT | T60: =IF(J60>0,+VLOOKUP(J60,'MASTER CODE DATA'!Q$2:R$999,2,FALSE),"") -> WHT | V60: 2402_S01_32700 | W60: 2402_S01_32702 | X60: 2402_S01_32698 | AN60: =+VLOOKUP(P60,'[2]STYLES & MODELS MATRIX'!$F:$G,2,FALSE) -> 0
A61: 0014 | B61: LONDON-P | C61: =IF(B61>0,+VLOOKUP(B61,'STYLE NAMES'!$B$1:$C$1007,2,FALSE),"") -> DIAMOND SADDLE PAD | D61: =IF(B61>0,+(L61&" / "&O61),"") -> LONDON-P / STN0006BLKGLD | E61: X4 | F61: A | G61: SATIN | H61: 0006 | I61: BLACK | J61: GOLD | L61: =+B61 -> LONDON-P | M61: =IF(B61>0,+VLOOKUP(B61,'STYLE NAMES'!$B$1:$D$1021,3,FALSE),"") -> H.PADPN_SPD | N61: =+M61&A61 -> H.PADPN_SPD0014 | O61: =+R61&H61&S61&T61 -> STN0006BLKGLD | P61: =+N61&"_"&O61 -> H.PADPN_SPD0014_STN0006BLKGLD | R61: =IF(G61>0,+VLOOKUP(G61,'MASTER CODE DATA'!O$2:P$99,2,FALSE),"") -> STN | S61: =IF(I61>0,+VLOOKUP(I61,'MASTER CODE DATA'!Q$2:R$999,2,FALSE),"") -> BLK | T61: =IF(J61>0,+VLOOKUP(J61,'MASTER CODE DATA'!Q$2:R$999,2,FALSE),"") -> GLD | V61: 2402_S01_32694 | W61: 2402_S01_32696 | X61: 2402_S01_32691 | AN61: =+VLOOKUP(P61,'[2]STYLES & MODELS MATRIX'!$F:$G,2,FALSE) -> 0
A62: 0015 | B62: SANTORINI | C62: =IF(B62>0,+VLOOKUP(B62,'STYLE NAMES'!$B$1:$C$1007,2,FALSE),"") -> BRAIDED BELT | D62: =IF(B62>0,+(L62&" / "&O62),"") -> SANTORINI / BRD0012BORBOR | E62: X4 | F62: A | G62: BRAIDED | H62: 0012 | I62: BORDEAUX | J62: BORDEAUX | L62: =+B62 -> SANTORINI | M62: =IF(B62>0,+VLOOKUP(B62,'STYLE NAMES'!$B$1:$D$1021,3,FALSE),"") -> A.RACUX_BLT | N62: =+M62&A62 -> A.RACUX_BLT0015 | O62: =+R62&H62&S62&T62 -> BRD0012BORBOR | P62: =+N62&"_"&O62 -> A.RACUX_BLT0015_BRD0012BORBOR | R62: =IF(G62>0,+VLOOKUP(G62,'MASTER CODE DATA'!O$2:P$99,2,FALSE),"") -> BRD | S62: =IF(I62>0,+VLOOKUP(I62,'MASTER CODE DATA'!Q$2:R$999,2,FALSE),"") -> BOR | T62: =IF(J62>0,+VLOOKUP(J62,'MASTER CODE DATA'!Q$2:R$999,2,FALSE),"") -> BOR | V62: 2402_S01_32391 | W62: 2402_S01_32382 | X62: 2402_S01_32384 | Y62: 2402_S01_32383 | Z62: 2402_S01_33735 | AN62: =+VLOOKUP(P62,'[2]STYLES & MODELS MATRIX'!$F:$G,2,FALSE) -> 0
A63: 0015 | B63: SANTORINI | C63: =IF(B63>0,+VLOOKUP(B63,'STYLE NAMES'!$B$1:$C$1007,2,FALSE),"") -> BRAIDED BELT | D63: =IF(B63>0,+(L63&" / "&O63),"") -> SANTORINI / BRD0012BORNAV | E63: X4 | F63: A | G63: BRAIDED | H63: 0012 | I63: BORDEAUX | J63: NAVY | L63: =+B63 -> SANTORINI | M63: =IF(B63>0,+VLOOKUP(B63,'STYLE NAMES'!$B$1:$D$1021,3,FALSE),"") -> A.RACUX_BLT | N63: =+M63&A63 -> A.RACUX_BLT0015 | O63: =+R63&H63&S63&T63 -> BRD0012BORNAV | P63: =+N63&"_"&O63 -> A.RACUX_BLT0015_BRD0012BORNAV | R63: =IF(G63>0,+VLOOKUP(G63,'MASTER CODE DATA'!O$2:P$99,2,FALSE),"") -> BRD | S63: =IF(I63>0,+VLOOKUP(I63,'MASTER CODE DATA'!Q$2:R$999,2,FALSE),"") -> BOR | T63: =IF(J63>0,+VLOOKUP(J63,'MASTER CODE DATA'!Q$2:R$999,2,FALSE),"") -> NAV | V63: CavalierSanmarco_03.02.2026_0612 | W63: CavalierSanmarco_03.02.2026_0638 | X63: CavalierSanmarco_03.02.2026_0639 | Y63: 2402_S01_32422 | Z63: 2402_S01_32403 | AA63: 2402_S01_32423 | AN63: =+VLOOKUP(P63,'[2]STYLES & MODELS MATRIX'!$F:$G,2,FALSE) -> 0
A64: 0015 | B64: SANTORINI | C64: =IF(B64>0,+VLOOKUP(B64,'STYLE NAMES'!$B$1:$C$1007,2,FALSE),"") -> BRAIDED BELT | D64: =IF(B64>0,+(L64&" / "&O64),"") -> SANTORINI / BRD0012BEGBRW | E64: X4 | F64: A | G64: BRAIDED | H64: 0012 | I64: BEIGE | J64: BROWN | L64: =+B64 -> SANTORINI | M64: =IF(B64>0,+VLOOKUP(B64,'STYLE NAMES'!$B$1:$D$1021,3,FALSE),"") -> A.RACUX_BLT | N64: =+M64&A64 -> A.RACUX_BLT0015 | O64: =+R64&H64&S64&T64 -> BRD0012BEGBRW | P64: =+N64&"_"&O64 -> A.RACUX_BLT0015_BRD0012BEGBRW | R64: =IF(G64>0,+VLOOKUP(G64,'MASTER CODE DATA'!O$2:P$99,2,FALSE),"") -> BRD | S64: =IF(I64>0,+VLOOKUP(I64,'MASTER CODE DATA'!Q$2:R$999,2,FALSE),"") -> BEG | T64: =IF(J64>0,+VLOOKUP(J64,'MASTER CODE DATA'!Q$2:R$999,2,FALSE),"") -> BRW | V64: CavalierSanmarco_03.02.2026_0609 | W64: CavalierSanmarco_03.02.2026_0640 | X64: CavalierSanmarco_03.02.2026_0641 | Y64: 2402_S01_32430 | Z64: 2402_S01_32428 | AA64: 2402_S01_32435 | AN64: =+VLOOKUP(P64,'[2]STYLES & MODELS MATRIX'!$F:$G,2,FALSE) -> 0
A65: 0015 | B65: SANTORINI | C65: =IF(B65>0,+VLOOKUP(B65,'STYLE NAMES'!$B$1:$C$1007,2,FALSE),"") -> BRAIDED BELT | D65: =IF(B65>0,+(L65&" / "&O65),"") -> SANTORINI / BRD0012NAVNAV | E65: X4 | F65: A | G65: BRAIDED | H65: 0012 | I65: NAVY | J65: NAVY | L65: =+B65 -> SANTORINI | M65: =IF(B65>0,+VLOOKUP(B65,'STYLE NAMES'!$B$1:$D$1021,3,FALSE),"") -> A.RACUX_BLT | N65: =+M65&A65 -> A.RACUX_BLT0015 | O65: =+R65&H65&S65&T65 -> BRD0012NAVNAV | P65: =+N65&"_"&O65 -> A.RACUX_BLT0015_BRD0012NAVNAV | R65: =IF(G65>0,+VLOOKUP(G65,'MASTER CODE DATA'!O$2:P$99,2,FALSE),"") -> BRD | S65: =IF(I65>0,+VLOOKUP(I65,'MASTER CODE DATA'!Q$2:R$999,2,FALSE),"") -> NAV | T65: =IF(J65>0,+VLOOKUP(J65,'MASTER CODE DATA'!Q$2:R$999,2,FALSE),"") -> NAV | V65: 2402_S01_32442 | W65: 2402_S01_32440 | X65: 2402_S01_32445 | Y65: 2402_S01_33306 | AN65: =+VLOOKUP(P65,'[2]STYLES & MODELS MATRIX'!$F:$G,2,FALSE) -> 0
